M,loss_db,vacuum_rate,raw_rate,raw_minus_vacuum,vacuum_d,raw_d,raw_success_probability,raw_average_target_fidelity,raw_useful_outcomes,raw_candidate_seconds,note,source_label,source_priority,vacuum_candidate_source,raw_candidate_source,vacuum_candidate_seconds,vacuum_bracket_min,vacuum_bracket_max,raw_bracket_min,raw_bracket_max,vacuum_optimizer_success,raw_optimizer_success,vacuum_optimizer_nfev,raw_optimizer_nfev,cache_evaluations,vacuum_boundary_peak,raw_boundary_peak,seconds
32,0.0,5.0,5.0,0.0,4.0,4.0,1.0,1.0,1024.0,0.0,raw d selected from seeded local branch candidates,seeded,0,,,,,,,,,,,,,,,
32,0.005,4.55168993359,4.55283870978,0.00114877619865,2.08218724281,2.07804551237,,,,,bounded scipy minimize_scalar around low-loss grid optimum,low_loss_scipy_refined,3,,,,1.84,2.32,1.84,2.32,1.0,1.0,9.0,8.0,17.0,0.0,0.0,158.987
32,0.01,4.30976465271,4.31150392105,0.00173926833865,1.9813303583,1.97713992071,,,,,bounded scipy minimize_scalar around low-loss grid optimum,low_loss_scipy_refined,3,,,,1.8,2.2,1.76,2.16,1.0,1.0,7.0,7.0,20.0,0.0,0.0,193.828
32,0.02,3.96769963864,3.97012736573,0.0024277270874,1.89433550015,1.88992362418,,,,,bounded scipy minimize_scalar around low-loss grid optimum,low_loss_scipy_refined,3,,,,1.76,2.04,1.76,2.04,1.0,1.0,6.0,8.0,14.0,0.0,0.0,157.201
32,0.03,3.71398450972,3.71682016159,0.0028356518751,1.84945355014,1.84665385359,,,,,bounded scipy minimize_scalar around low-loss grid optimum,low_loss_scipy_refined,3,,,,1.7,1.98,1.7,1.98,1.0,1.0,7.0,6.0,13.0,0.0,0.0,146.457
32,0.04,3.50859650358,3.51170863798,0.00311213439701,1.82183426259,1.81816824713,,,,,bounded scipy minimize_scalar around low-loss grid optimum,low_loss_scipy_refined,3,,,,1.72,1.92,1.72,1.92,1.0,1.0,6.0,6.0,13.0,0.0,0.0,162.914
32,0.05,3.33478364148,3.33810708727,0.00332344579337,1.80061904945,1.79683044981,,,,,bounded scipy minimize_scalar around low-loss grid optimum,low_loss_scipy_refined,3,,,,1.7,1.9,1.7,1.9,1.0,1.0,6.0,6.0,13.0,0.0,0.0,177.218
32,0.06,3.18357253352,3.18706889123,0.00349635770465,1.78365996454,1.77961462118,,,,,bounded scipy minimize_scalar around low-loss grid optimum,low_loss_scipy_refined,3,,,,1.68,1.88,1.68,1.88,1.0,1.0,6.0,6.0,13.0,0.0,0.0,191.119
32,0.07,3.04946572288,3.05310641968,0.00364069680168,1.76949491428,1.76533313418,,,,,bounded scipy minimize_scalar around low-loss grid optimum,low_loss_scipy_refined,3,,,,1.67,1.87,1.67,1.87,1.0,1.0,6.0,6.0,12.0,0.0,0.0,188.4
32,0.08,2.92880270603,2.93256301715,0.00376031112447,1.75760409634,1.7532921839,,,,,bounded scipy minimize_scalar around low-loss grid optimum,low_loss_scipy_refined,3,,,,1.66,1.86,1.65,1.85,1.0,1.0,6.0,6.0,18.0,0.0,0.0,306.944
32,0.09,2.81900566769,2.82286313819,0.00385747050015,1.74753229584,1.74314652,,,,,bounded scipy minimize_scalar around low-loss grid optimum,low_loss_scipy_refined,3,,,,1.65,1.85,1.64,1.84,1.0,1.0,6.0,6.0,18.0,0.0,0.0,309.32
32,0.1,2.71818501986,2.72211955207,0.00393453221485,1.73897593507,1.73458941222,,,,,bounded scipy minimize_scalar around low-loss grid optimum,low_loss_scipy_refined,3,,,,1.64,1.84,1.63,1.83,1.0,1.0,6.0,6.0,18.0,0.0,0.0,233.687
32,0.15,2.30831100423,2.31238342334,0.00407241910952,1.71219552472,1.7121955247,0.999999999999,0.371473769238,1024.0,27.565,raw d selected from seeded local branch candidates,seeded,0,,,,,,,,,,,,,,,
32,0.2,1.99778307885,2.00182210199,0.00403902313868,1.70129476443,1.7012947644,0.999999999999,0.294352356998,1024.0,37.407,raw d selected from seeded local branch candidates,seeded,0,,,,,,,,,,,,,,,
32,0.25,1.74664055474,1.75054182062,0.00390126587627,1.69967642213,1.6996764221,0.999999999999,0.236926481767,1024.0,68.851,raw d selected from seeded local branch candidates,seeded,0,,,,,,,,,,,,,,,
32,0.3,1.53543631557,1.53913808054,0.00370176497278,1.704854108,1.704854108,0.999999999999,0.192779626473,1024.0,84.039,raw d selected from seeded local branch candidates,seeded,0,,,,,,,,,,,,,,,
32,0.35,1.35324867656,1.35670803504,0.00345935848102,1.71602423265,1.7160242326,0.999999999999,0.158136365408,1024.0,103.615,raw d selected from seeded local branch candidates,seeded,0,,,,,,,,,,,,,,,
32,0.4,1.19336722789,1.19655564514,0.0031884172481,1.73264806531,1.7326480653,0.999999999999,0.130695617705,1024.0,132.811,raw d selected from seeded local branch candidates,seeded,0,,,,,,,,,,,,,,,
32,0.45,1.05139717446,1.05429667339,0.00289949892851,1.75439776899,1.754397769,0.999999999999,0.108900417113,1024.0,163.86,raw d selected from seeded local branch candidates,seeded,0,,,,,,,,,,,,,,,
32,0.5,0.924308137757,0.926913030357,0.0026048926002,1.78054820585,1.7805482058,0.999999999998,0.0916482985513,1024.0,181.389,raw d selected from seeded local branch candidates,seeded,0,,,,,,,,,,,,,,,
32,0.55,0.809897582057,0.812217122428,0.00231954037128,1.80970221043,1.8097022104,0.999999999999,0.0780663187967,1024.0,178.976,raw d selected from seeded local branch candidates,seeded,0,,,,,,,,,,,,,,,
32,0.6,0.706443247479,0.708503497952,0.00206025047314,1.8396839555,1.8396839555,0.999999999999,0.0674030079947,1024.0,204.575,raw d selected from seeded local branch candidates,seeded,0,,,,,,,,,,,,,,,
32,0.65,0.612504197067,0.614336673907,0.00183247683984,1.8692819253,1.8692819253,0.999999999999,0.0589400885045,1024.0,205.155,raw d selected from seeded local branch candidates,seeded,0,,,,,,,,,,,,,,,
32,0.7,0.526867071979,0.528504054843,0.00163698286416,1.89772337985,1.8977233798,0.999999999999,0.0521641451209,1024.0,213.532,raw d selected from seeded local branch candidates,seeded,0,,,,,,,,,,,,,,,
32,0.75,0.448545121243,0.450013759028,0.00146863778517,1.92514001016,1.9251400102,1.0,0.046739784126,1024.0,315.2,raw d selected from seeded local branch candidates,seeded,0,,,,,,,,,,,,,,,
32,0.8,0.376756085037,0.378076141075,0.00132005603811,1.9522638886,1.9522638886,0.999999999999,0.0424603784586,1024.0,344.944,raw d selected from seeded local branch candidates,seeded,0,,,,,,,,,,,,,,,
32,0.85,0.310893132073,0.3120766521,0.00118352002734,1.98023652536,1.9802365254,0.999999999999,0.039175877498,1024.0,319.378,raw d selected from seeded local branch candidates,seeded,0,,,,,,,,,,,,,,,
32,0.9,0.250508689046,0.251560631616,0.00105194256983,2.01053519989,2.0105351999,0.999999999998,0.0367428585967,1024.0,517.122,raw d selected from seeded local branch candidates,seeded,0,,,,,,,,,,,,,,,
32,0.905,0.244759249796,0.245798166687,0.0010389168908,2.01373871256,2.0137387126,0.999999999999,0.0365406551214,1024.0,495.488,raw d selected from seeded local branch candidates,seeded,0,,,,,,,,,,,,,,,
32,0.91,0.239061584788,0.240087625871,0.00102604108278,2.01694821814,2.0169482181,0.999999999999,0.0363455895678,1024.0,390.824,raw d selected from seeded local branch candidates,seeded,0,,,,,,,,,,,,,,,
32,0.915,0.233415526528,0.234428814552,0.00101328802417,2.02016971763,2.0201697176,0.999999999999,0.0361573650795,1024.0,424.787,raw d selected from seeded local branch candidates,seeded,0,,,,,,,,,,,,,,,
32,0.92,0.227820921769,0.22882154202,0.00100062025146,2.0234118348,2.0234118348,0.999999999999,0.0359756726144,1024.0,364.765,raw d selected from seeded local branch candidates,seeded,0,,,,,,,,,,,,,,,
32,0.925,0.222277641814,0.223265631683,0.00098798986912,2.02668598429,2.0266859843,0.999999999999,0.0358001972064,1024.0,428.372,raw d selected from seeded local branch candidates,seeded,0,,,,,,,,,,,,,,,
32,0.93,0.21678560427,0.217760967469,0.000975363199494,2.03,2.03,0.999999999999,0.035630679858,1024.0,431.97,raw d selected from seeded local branch candidates,seeded,0,,,,,,,,,,,,,,,
32,0.935,0.211344440389,0.212305518496,0.000961078106904,2.03375116889,2.0337511689,0.999999999999,0.0354637829843,1024.0,421.276,raw d selected from seeded local branch candidates,seeded,0,,,,,,,,,,,,,,,
32,0.94,0.205956045813,0.206905620265,0.00094957445179,2.03688308306,2.0368830831,0.999999999999,0.0353077870783,1020.0,424.519,raw d selected from seeded local branch candidates,seeded,0,,,,,,,,,,,,,,,
32,0.942,0.20436854243,0.204775721393,0.000407178963266,0.2553404815,2.0380252992,,,,499.435,dense extra 32-QAM local branch candidate scan,dense_extra,1,transition_low_d,transition_high_d,49.749,,,,,,,,,,,,
32,0.944,0.203911695833,0.202664605927,-0.0012470899052,0.2549973002,2.0391675154,,,,500.687,dense extra 32-QAM local branch candidate scan,dense_extra,1,transition_low_d,transition_high_d,43.009,,,,,,,,,,,,
32,0.945,0.203684164611,0.20161197404,-0.00207219057085,0.254825709545,2.0397386235,0.999999999999,0.0351590402222,1008.0,431.742,raw d selected from seeded local branch candidates,seeded,0,,,,,,,,,,,,,,,
32,0.946,0.20345679354,0.200561470797,-0.00289532274252,0.2546540114,2.0402825394,,,,544.168,dense extra 32-QAM local branch candidate scan,dense_extra,1,transition_low_d,transition_high_d,48.024,,,,,,,,,,,,
32,0.948,0.203003971739,0.198466244687,-0.00453772705127,0.254310615,2.0413703711,,,,503.56,dense extra 32-QAM local branch candidate scan,dense_extra,1,transition_low_d,transition_high_d,42.875,,,,,,,,,,,,
32,0.95,0.202552723612,0.196378712423,-0.00617401118882,0.253967218634,2.0424582029,0.999999999999,0.0350159889809,1008.0,385.441,raw d selected from seeded local branch candidates,seeded,0,,,,,,,,,,,,,,,
32,0.952,0.202102828794,0.194302527409,-0.00780030138514,0.2536507405,2.0424582029,,,,537.651,dense extra 32-QAM local branch candidate scan,dense_extra,1,transition_low_d,transition_high_d,50.821,,,,,,,,,,,,
32,0.955,0.201432762067,0.192021567307,-0.00941119476025,0.2531760233,0.2531760233,,,,48.258,dense extra 32-QAM local branch candidate scan,dense_extra,1,transition_low_d,transition_low_d,48.258,,,,,,,,,,,,
32,0.96,0.200325016252,0.190954391739,-0.00937062451275,0.2523848279,0.2523848279,,,,39.918,dense extra 32-QAM local branch candidate scan,dense_extra,1,transition_low_d,transition_low_d,39.918,,,,,,,,,,,,
32,0.97,0.198143141671,0.188851468769,-0.0092916729013,0.2508024371,0.2508024371,,,,39.138,dense extra 32-QAM local branch candidate scan,dense_extra,1,transition_low_d,transition_low_d,39.138,,,,,,,,,,,,
32,0.98,0.196005661041,0.186790954215,-0.00921470682537,0.2492200463,0.2492200463,,,,41.169,dense extra 32-QAM local branch candidate scan,dense_extra,1,transition_low_d,transition_low_d,41.169,,,,,,,,,,,,
32,0.99,0.193911322576,0.184771866702,-0.00913945587355,0.2476376556,0.2476376556,,,,36.356,dense extra 32-QAM local branch candidate scan,dense_extra,1,transition_low_d,transition_low_d,36.356,,,,,,,,,,,,
32,1.0,0.191859917995,0.182792427047,-0.00906749094791,0.24605526482,0.2460552648,0.999997005754,0.855115684156,926.0,17.934,raw d selected from seeded local branch candidates,seeded,0,,,,,,,,,,,,,,,
32,1.05,0.182188171636,0.173433291217,-0.00875488041879,0.239169258181,0.2391692582,0.999997990555,0.856810076068,924.0,17.501,raw d selected from seeded local branch candidates,seeded,0,,,,,,,,,,,,,,,
32,1.1,0.173403472806,0.164996069738,-0.00840740306809,0.232547022228,0.2325470222,0.999994629841,0.858698207142,920.0,19.974,raw d selected from seeded local branch candidates,seeded,0,,,,,,,,,,,,,,,
32,1.15,0.165377813384,0.15736725123,-0.0080105621537,0.226578670712,0.2265786707,0.999996327847,0.86030526802,916.0,9.051,raw d selected from seeded local branch candidates,seeded,0,,,,,,,,,,,,,,,
32,1.2,0.158013728078,0.150414520889,-0.00759920718904,0.221310639162,0.2213106392,0.99999841778,0.861518587286,916.0,8.338,raw d selected from seeded local branch candidates,seeded,0,,,,,,,,,,,,,,,
32,1.25,0.151238475667,0.143994792496,-0.00724368317094,0.21653880299,0.216538803,0.999996601543,0.862511847287,914.0,8.208,raw d selected from seeded local branch candidates,seeded,0,,,,,,,,,,,,,,,
32,1.3,0.144960126954,0.138164146286,-0.0067959806677,0.21083074214,0.2108307421,0.999989617679,0.864893773416,906.0,7.771,raw d selected from seeded local branch candidates,seeded,0,,,,,,,,,,,,,,,
32,1.35,0.139145111679,0.132701496544,-0.00644361513461,0.207996484072,0.2079964841,0.999998589304,0.864235846996,906.0,7.952,raw d selected from seeded local branch candidates,seeded,0,,,,,,,,,,,,,,,
32,1.4,0.133722791517,0.127670148857,-0.00605264266003,0.204214715082,0.2042147151,0.999998433661,0.864916549809,904.0,8.519,raw d selected from seeded local branch candidates,seeded,0,,,,,,,,,,,,,,,
32,1.45,0.128659353381,0.122970131476,-0.00568922190486,0.200678149294,0.2006781493,0.999991106179,0.865535846293,904.0,8.238,raw d selected from seeded local branch candidates,seeded,0,,,,,,,,,,,,,,,
32,1.5,0.12392000802,0.118558730859,-0.00536127716053,0.197367396331,0.1973673963,0.99999826954,0.866094872211,904.0,9.19,raw d selected from seeded local branch candidates,seeded,0,,,,,,,,,,,,,,,
