M,constellation,generation_loss_db_per_step,raw_branch_label,raw_spacing_d,vacuum_spacing_d_interpolated,raw_hashing_bound_bits_per_attempt,vacuum_hashing_bound_bits_per_attempt_interpolated,raw_minus_vacuum_hashing_bound_bits_per_attempt
2,2-QAM,0.0,single,1.67478287424,1.77347712585,0.523688510534,0.460552009601,0.063136500933
2,2-QAM,0.05,single,1.63445635267,1.69288920878,0.47527205281,0.422909845389,0.05236220742100001
2,2-QAM,0.1,single,1.60021650566,1.62379021467,0.431790854934,0.391176264785,0.040614590148999985
2,2-QAM,0.15,single,1.57051053051,1.56330467498,0.392270357698,0.36395002354,0.028320334158000005
2,2-QAM,0.2,single,1.54433889119,1.50953982881,0.356015334845,0.340266460023,0.015748874821999992
2,2-QAM,0.25,single,1.52101417515,1.46117020135,0.322508776506,0.319432778641,0.003075997865000013
2,2-QAM,0.3,single,1.50008679407,1.41724119072,0.291353710639,0.300934821779,-0.009581111139999987
2,2-QAM,0.35,single,1.48122754298,1.37702633309,0.26223751105,0.284380830628,-0.02214331957800003
2,2-QAM,0.4,single,1.46421301638,1.33996580592,0.234908879201,0.269465780938,-0.03455690173699999
2,2-QAM,0.45,single,1.44891702223,1.30563817267,0.209162398752,0.255947835696,-0.046785436944
2,2-QAM,0.5,single,1.43522848204,1.27364966819,0.184827842497,0.243632272037,-0.05880442954000001
4,4-QAM,0.0,high_d,1.76801826628,1.89225817467,1.08526639383,1.01903553152,0.06623086231000008
4,4-QAM,0.05,high_d,1.70840255798,1.82189592207,0.902979890401,0.833102360958,0.06987752944299996
4,4-QAM,0.1,high_d,1.66541120374,1.76820978209,0.755588063203,0.686211466255,0.06937659694800002
4,4-QAM,0.15,high_d,1.6330038608,1.72345041151,0.629076423782,0.562990337748,0.06608608603400001
4,4-QAM,0.2,high_d,1.60875398183,1.6835402343,0.51747103624,0.456644149206,0.06082688703400002
4,4-QAM,0.25,high_d,1.59213822059,1.64499333365,0.417364658198,0.363222041248,0.05414261695
4,4-QAM,0.28,high_d,1.58632044343,1.52281817292,0.361888034316,0.315706502505,0.04618153181099999
4,4-QAM,0.285,high_d,1.58570618801,1.51430938852,0.35294361408,0.308835914821,0.044107699259000044
4,4-QAM,0.29,high_d,1.58521229182,1.5050134222,0.344081840292,0.302058551054,0.04202328923800003
4,4-QAM,0.295,high_d,1.58482002906,1.49474609597,0.335301534802,0.295376572071,0.03992496273099999
4,4-QAM,0.3,high_d,1.58455868888,1.48308726205,0.326601587375,0.288793493464,0.037808093910999985
4,4-QAM,0.305,high_d,1.58442641792,1.46960506044,0.317980956815,0.282314998967,0.035665957847999974
4,4-QAM,0.31,high_d,1.58442986933,1.45321634943,0.30943867214,0.275950621508,0.033488050632
4,4-QAM,0.315,high_d,1.58457633565,1.43169330124,0.300973834404,0.269717925499,0.03125590890500002
4,4-QAM,0.32,high_d,1.5848738066,1.04544318271,0.292585619032,0.264475898132,0.028109720899999968
4,4-QAM,0.325,high_d,1.58533375818,1.01516642392,0.284273278735,0.261102324145,0.023170954590000015
4,4-QAM,0.33,high_d,1.58596503693,0.993108186588,0.276036147095,0.257932230055,0.018103917040000028
4,4-QAM,0.335,high_d,1.58673557369,0.975191692095,0.267873642879,0.254918421541,0.012955221338000034
4,4-QAM,0.34,high_d,1.58773429306,0.959888928886,0.259785275398,0.252033766119,0.0077515092789999795
4,4-QAM,0.345,low_d,0.892448804457,0.94638144541,0.253724900856,0.249260097511,0.004464803345000018
4,4-QAM,0.35,low_d,0.885555033082,0.934318882365,0.251281762548,0.246584189525,0.004697573023000001
4,4-QAM,0.355,low_d,0.878913570974,0.923280435969,0.248890975746,0.243995879403,0.004895096343000005
4,4-QAM,0.36,low_d,0.8725031552,0.913039580561,0.246550213668,0.2414870588,0.005063154868000019
4,4-QAM,0.4,low_d,0.827718432691,0.850310496514,0.229398194706,0.223654677794,0.005743516912000007
4,4-QAM,0.45,low_d,0.782780942808,0.795510800911,0.211110863962,0.205311894844,0.005798969117999986
4,4-QAM,0.5,low_d,0.745501449364,0.753290426367,0.195461867553,0.189928020514,0.005533847038999978
8,8-QAM,0.0,high_d,1.71030131493,1.76211863158,1.36442440724,1.32892947662,0.03549493062000009
8,8-QAM,0.05,high_d,1.63658102877,1.69293168563,1.0224760569,0.985906677983,0.03656937891699996
8,8-QAM,0.1,high_d,1.58663656397,1.64939830414,0.762612289536,0.7276204619,0.03499182763600006
8,8-QAM,0.15,high_d,1.5542297115,1.62710735154,0.547190144923,0.515799312857,0.03139083206600002
8,8-QAM,0.18,high_d,1.54551397459,1.6296452201,0.433106849949,0.404821481504,0.028285368445000014
8,8-QAM,0.185,high_d,1.54531469376,1.63208891603,0.415019952593,0.387338322269,0.027681630324000006
8,8-QAM,0.19,high_d,1.54562565084,1.63531992817,0.397181282301,0.370134302485,0.027046979816000016
8,8-QAM,0.195,high_d,1.54654417186,1.63943586506,0.379586191037,0.353208574448,0.026377616588999953
8,8-QAM,0.2,high_d,1.54820049879,1.64456441224,0.36223097054,0.336562083855,0.025668886684999948
8,8-QAM,0.205,high_d,1.55077306488,1.6508124255,0.345113109623,0.320197837752,0.02491527187100001
8,8-QAM,0.21,high_d,1.55457988215,1.65826905219,0.328231717076,0.304121116266,0.024110600809999994
8,8-QAM,0.215,high_d,1.5598736545,0.611950576124,0.311588237259,0.295914795109,0.015673442149999994
8,8-QAM,0.22,high_d,1.56723352301,0.604250298157,0.295187702348,0.291859529006,0.0033281733420000292
8,8-QAM,0.225,low_d,0.604202241234,0.596128688607,0.28697997407,0.287938570739,-0.0009585966690000003
8,8-QAM,0.23,low_d,0.595750299249,0.589006011939,0.282990425643,0.284143075424,-0.001152649781000048
8,8-QAM,0.235,low_d,0.588236708491,0.582324976633,0.279123278739,0.28046367275,-0.0013403940110000012
8,8-QAM,0.24,low_d,0.580915971842,0.575672334773,0.275369407957,0.27689326003,-0.0015238520729999872
8,8-QAM,0.245,low_d,0.574058432617,0.56948302167,0.271721166143,0.27342527126,-0.0017041051169999766
8,8-QAM,0.25,low_d,0.567544351726,0.563779804957,0.268171925584,0.270053947029,-0.0018820214449999928
8,8-QAM,0.255,low_d,0.56151450155,0.558089711611,0.264715417859,0.266773816999,-0.00205839914
8,8-QAM,0.26,low_d,0.555709235133,0.552599364483,0.261346442035,0.263580245423,-0.0022338033879999997
8,8-QAM,0.3,low_d,0.516505354878,0.515572355767,0.237050260946,0.240692463783,-0.0036422028369999804
8,8-QAM,0.35,low_d,0.47980257985,0.479050832849,0.211718939554,0.217213438498,-0.005494498944000004
8,8-QAM,0.4,low_d,0.451270529195,0.450771874765,0.190368425658,0.197818728429,-0.007450302771000006
8,8-QAM,0.45,low_d,0.422269017091,0.426608191293,0.173425784892,0.181441897546,-0.008016112654000013
8,8-QAM,0.5,low_d,0.396396472635,0.405683112548,0.16051043261,0.167388497354,-0.00687806474399999
16,16-QAM,0.0,high_d,1.68561076685,1.70482678511,1.67284879047,1.65791870382,0.014930086649999952
16,16-QAM,0.04,high_d,1.55885797961,1.60691072599,1.02891411649,1.01146874437,0.01744537212000008
16,16-QAM,0.05,high_d,1.53128916584,1.59221508768,0.911905849551,0.894179170145,0.017726679405999923
16,16-QAM,0.0525,high_d,1.52470755469,1.5910789603250002,0.884190340013,0.8672486200375,0.01694171997549998
16,16-QAM,0.055,high_d,1.51817779422,1.58994283297,0.857030454921,0.84031806993,0.01671238499100003
16,16-QAM,0.0575,high_d,1.51179420024,1.588806705615,0.830400821659,0.8133875198225,0.01701330183649996
16,16-QAM,0.06,high_d,1.50552069449,1.58767057826,0.80427801911,0.786456969715,0.017821049394999955
16,16-QAM,0.0625,high_d,1.49930615682,1.59112655419,0.778640379577,0.760841174241,0.0177992053360001
16,16-QAM,0.065,high_d,1.49316572196,1.60017849296,0.753467818777,0.73572636174,0.01774145703700003
16,16-QAM,0.0675,high_d,1.48697099567,1.6214748674,0.728741687868,0.711135339288,0.017606348579999986
16,16-QAM,0.07,high_d,1.48082201681,1.64893560078,0.704444645378,0.68714329108,0.01730135429799995
16,16-QAM,0.0725,high_d,1.4746080615,1.67044540268,0.680560557803,0.663790953668,0.01676960413499995
16,16-QAM,0.075,high_d,1.4682378142,1.68742313175,0.657074423674,0.641068329119,0.016006094555000017
16,16-QAM,0.0775,mid_d,1.16373992176,1.70160846736,0.634612409748,0.618957628065,0.015654781683000052
16,16-QAM,0.08,mid_d,1.14222152534,1.71393217443,0.615282623909,0.597441346487,0.017841277422000035
16,16-QAM,0.0825,high_d,1.12176817393,1.72498880088,0.596520905031,0.576502737997,0.020018167033999945
16,16-QAM,0.085,high_d,1.10131900464,1.73507487441,0.578300568802,0.556125678923,0.02217488987899996
16,16-QAM,0.0875,high_d,1.08194047058,1.74436541448,0.560610084178,0.536294535125,0.02431554905299993
16,16-QAM,0.09,mid_d,1.0614409483,1.7530124888,0.543446347417,0.51699407267,0.02645227474700007
16,16-QAM,0.0925,mid_d,1.04015545582,1.76118407908,0.526805648979,0.498209402802,0.028596246176999962
16,16-QAM,0.095,mid_d,0.981799649301,1.76884948508,0.511343718849,0.479925956655,0.031417762194
16,16-QAM,0.0975,mid_d,0.965083639006,0.972904526144,0.496457498765,0.465416606324,0.031040892441
16,16-QAM,0.1,mid_d,0.948800113919,0.955110090507,0.482084879532,0.451481954327,0.03060292520500002
16,16-QAM,0.1025,mid_d,0.936118787579,0.942289844517,0.468091109829,0.437973890449,0.030117219380000004
16,16-QAM,0.105,mid_d,0.924163450101,0.92108741108,0.454411542788,0.42493267119,0.029478871598
16,16-QAM,0.1075,mid_d,0.912569073676,0.898070744922,0.441027871577,0.412467924706,0.028559946870999997
16,16-QAM,0.11,mid_d,0.901359519473,0.870086958337,0.427922299483,0.40063118375,0.02729111573299997
16,16-QAM,0.1125,mid_d,0.891406251351,0.85555236072,0.415082561206,0.389388800479,0.025693760727000026
16,16-QAM,0.115,mid_d,0.881545619872,0.573697734709,0.402492327051,0.381421395581,0.02107093147
16,16-QAM,0.1175,mid_d,0.871981889647,0.565092125822,0.390140481468,0.376189984283,0.013950497185000021
16,16-QAM,0.12,mid_d,0.862900080637,0.557142231787,0.378015573261,0.371129894242,0.006885679019000002
16,16-QAM,0.1225,mid_d,0.854560533695,0.550706663922,0.366106884782,0.366228522387,-0.00012163760500000231
16,16-QAM,0.125,mid_d,0.84618356111,0.544094725804,0.354407697629,0.361473563317,-0.007065865687999995
16,16-QAM,0.1275,mid_d,0.837805279018,0.5369478699715,0.342908735284,0.356922355361,-0.014013620076999966
16,16-QAM,0.13,low_d,0.526253579055,0.529801014139,0.337809848115,0.352371147405,-0.014561299289999996
16,16-QAM,0.1325,low_d,0.518791188092,0.52445753099325,0.333242365661,0.34819092759225,-0.014948561931249993
16,16-QAM,0.135,low_d,0.508533155386,0.5191140478475,0.328931007586,0.3440107077795,-0.015079700193499967
16,16-QAM,0.1375,low_d,0.504547907063,0.51377056470175,0.324771459579,0.33983048796675003,-0.015059028387750029
16,16-QAM,0.14,low_d,0.496326371439,0.508427081556,0.320742313874,0.335650268154,-0.014907954280000024
16,16-QAM,0.1425,low_d,0.491009857577,0.503447338274,0.31681412709,0.3318937172515,-0.015079590161500012
16,16-QAM,0.145,low_d,0.48560713285,0.49846759499200005,0.312988093444,0.32813716634900003,-0.015149072905000005
16,16-QAM,0.1475,low_d,0.480804363506,0.49348785171000004,0.309258036695,0.3243806154465,-0.015122578751499971
16,16-QAM,0.15,low_d,0.476141308636,0.488508108428,0.305618363484,0.320624064544,-0.015005701059999987
16,16-QAM,0.16,low_d,0.457689677706,0.470465599627,0.292218572855,0.307029214171,-0.014810641315999962
16,16-QAM,0.2,low_d,0.403784887163,0.418555390394,0.251239493127,0.263275403126,-0.012035909999000005
16,16-QAM,0.25,low_d,0.363113694433,0.37349953291,0.214786066658,0.223718289379,-0.008932222721
16,16-QAM,0.3,low_d,0.333056056916,0.339648053717,0.187124749368,0.194430709661,-0.007305960293000013
16,16-QAM,0.35,low_d,0.308477733796,0.314351341591,0.165290215549,0.171871674533,-0.006581458984000005
16,16-QAM,0.4,low_d,0.289036731344,0.293900779508,0.14803992545,0.153671458104,-0.0056315326540000155
16,16-QAM,0.45,low_d,0.271023423507,0.277,0.133745506493,0.138643481765,-0.004897975272000005
16,16-QAM,0.5,low_d,0.257096035486,0.261795500356,0.121939640961,0.126008715526,-0.004069074564999983
