M,constellation,receiver,generation_loss_db_per_step,channel_loss_db,branch_label,bracket_min,bracket_max,spacing_d,hashing_bound_bits_per_attempt,success_probability,average_target_fidelity,probability_weighted_fidelity,min_coherent_information,useful_outcomes,optimizer_success,optimizer_nfev,is_boundary_peak,is_global_maximum,seconds
2,2-QAM,raw_label_srm,0,0.25,single,0.8,2.3,1.67478287424,0.523688510534,1,0.927205066377,0.927205066377,0.436273720228,4,1,9,0,1,0.170
2,2-QAM,raw_label_srm,0.05,0.25,single,0.8,2.3,1.63445635267,0.47527205281,1,0.917203231622,0.917203231622,0.378449270213,4,1,9,0,1,0.119
2,2-QAM,raw_label_srm,0.1,0.25,single,0.8,2.3,1.60021650566,0.431790854934,1,0.907803515353,0.907803515353,0.326661775808,4,1,9,0,1,0.269
2,2-QAM,raw_label_srm,0.15,0.25,single,0.8,2.3,1.57051053051,0.392270357698,1,0.898895814577,0.898895814577,0.279741794365,4,1,9,0,1,0.086
2,2-QAM,raw_label_srm,0.2,0.25,single,0.8,2.3,1.54433889119,0.356015334845,1,0.890396811912,0.890396811912,0.236851056147,4,1,10,0,1,0.128
2,2-QAM,raw_label_srm,0.25,0.25,single,0.8,2.3,1.52101417515,0.322508776506,1,0.882241798354,0.882241798354,0.197361539881,4,1,9,0,1,0.217
2,2-QAM,raw_label_srm,0.3,0.25,single,0.8,2.3,1.50008679407,0.291353710639,1,0.874372755382,0.874372755382,0.160797571465,4,1,9,0,1,0.116
2,2-QAM,raw_label_srm,0.35,0.25,single,0.8,2.3,1.48122754298,0.26223751105,1,0.866740525995,0.866740525995,0.126781923265,4,1,9,0,1,0.036
2,2-QAM,raw_label_srm,0.4,0.25,single,0.8,2.3,1.46421301638,0.234908879201,1,0.859298753732,0.859298753732,0.0950142172114,4,1,9,0,1,0.017
2,2-QAM,raw_label_srm,0.45,0.25,single,0.8,2.3,1.44891702223,0.209162398752,1,0.85199872138,0.85199872138,0.0652557384175,4,1,8,0,1,0.084
2,2-QAM,raw_label_srm,0.5,0.25,single,0.8,2.3,1.43522848204,0.184827842497,1,0.844798513136,0.844798513136,0.0373019838006,4,1,12,0,1,0.084
4,4-QAM,raw_label_srm,0,0.25,high_d,1.1,2.15,1.76801826628,1.08526639383,1,0.842412650124,0.842412650124,0.969701070753,16,1,8,0,1,0.083
4,4-QAM,raw_label_srm,0,0.25,low_d,0.5,1.3,1.3,0.877340760731,1,0.910300358794,0.910300358794,0.513591117066,16,1,19,1,0,0.737
4,4-QAM,raw_label_srm,0.05,0.25,high_d,1.1,2.15,1.70840255798,0.902979890401,1,0.81085208662,0.81085208662,0.785811557698,16,1,8,0,1,0.889
4,4-QAM,raw_label_srm,0.05,0.25,low_d,0.5,1.3,1.3,0.752569302927,1,0.884148473879,0.884148473879,0.39375465554,16,1,19,1,0,0.481
4,4-QAM,raw_label_srm,0.1,0.25,high_d,1.1,2.15,1.66541120374,0.755588063203,1,0.781271252789,0.781271252789,0.639801376337,16,1,9,0,1,0.432
4,4-QAM,raw_label_srm,0.1,0.25,low_d,0.5,1.3,1.3,0.644760420505,1,0.858382408389,0.858382408389,0.290549860981,16,1,19,1,0,0.849
4,4-QAM,raw_label_srm,0.15,0.25,high_d,1.1,2.15,1.6330038608,0.629076423782,1,0.75311081539,0.75311081539,0.515429363311,16,1,8,0,1,0.223
4,4-QAM,raw_label_srm,0.15,0.25,low_d,0.5,1.3,1.3,0.546656351419,1,0.833016441528,0.833016441528,0.196551072056,16,1,19,1,0,0.488
4,4-QAM,raw_label_srm,0.2,0.25,high_d,1.1,2.15,1.60875398183,0.51747103624,1,0.725808994734,0.725808994734,0.405774241193,16,1,9,0,1,0.287
4,4-QAM,raw_label_srm,0.2,0.25,low_d,0.5,1.3,1.3,0.455790068985,1,0.808064473748,0.808064473748,0.109288699032,16,1,19,1,0,0.682
4,4-QAM,raw_label_srm,0.25,0.25,high_d,1.1,2.15,1.59213822059,0.417364658198,1,0.698681409005,0.698681409005,0.306822242844,16,1,8,0,1,0.235
4,4-QAM,raw_label_srm,0.25,0.25,low_d,0.5,1.3,1.3,0.370829536499,1,0.783539978058,0.783539978058,0.0274511063835,16,1,19,1,0,0.280
4,4-QAM,raw_label_srm,0.28,0.25,high_d,1.1,2.15,1.58632044343,0.361888034316,1,0.682064411971,0.682064411971,0.251410597382,16,1,8,0,1,0.218
4,4-QAM,raw_label_srm,0.28,0.25,low_d,0.5,1.3,1.3,0.324984138734,1,0.769035895217,0.769035895217,-0.0194030793659,14,1,19,1,0,0.328
4,4-QAM,raw_label_srm,0.285,0.25,high_d,1.1,2.15,1.58570618801,0.35294361408,1,0.679241646549,0.679241646549,0.24241740083,16,1,7,0,1,0.513
4,4-QAM,raw_label_srm,0.285,0.25,low_d,0.5,1.3,1.3,0.318116869518,1,0.766634157373,0.766634157373,-0.0270610813726,14,1,19,1,0,0.471
4,4-QAM,raw_label_srm,0.29,0.25,high_d,1.1,2.15,1.58521229182,0.344081840292,1,0.676396184773,0.676396184773,0.233486380325,16,1,7,0,1,0.277
4,4-QAM,raw_label_srm,0.29,0.25,low_d,0.5,1.3,1.3,0.311289901678,1,0.764236912566,0.764236912566,-0.0346774100349,14,1,19,1,0,0.885
4,4-QAM,raw_label_srm,0.295,0.25,high_d,1.1,2.15,1.58482002906,0.335301534802,1,0.673533153736,0.673533153736,0.224618900923,16,1,8,0,1,0.279
4,4-QAM,raw_label_srm,0.295,0.25,low_d,0.5,1.3,1.29830784328,0.304503512354,1,0.762362350781,0.762362350781,-0.0451681057422,14,1,11,1,0,0.374
4,4-QAM,raw_label_srm,0.3,0.25,high_d,1.1,2.15,1.58455868888,0.326601587375,1,0.67064285798,0.67064285798,0.215809331199,16,1,8,0,1,0.334
4,4-QAM,raw_label_srm,0.3,0.25,low_d,0.5,1.3,1.28671521277,0.297801716983,1,0.76355139216,0.76355139216,-0.0722638547234,14,1,11,0,0,0.625
4,4-QAM,raw_label_srm,0.305,0.25,high_d,1.1,2.15,1.58442641792,0.317980956815,1,0.667725191382,0.667725191382,0.207056720729,16,1,8,0,1,0.170
4,4-QAM,raw_label_srm,0.305,0.25,low_d,0.5,1.3,1.27526692852,0.291209439193,1,0.764747604935,0.764747604935,-0.0983313205366,14,1,11,0,0,0.292
4,4-QAM,raw_label_srm,0.31,0.25,high_d,1.1,2.15,1.58442986933,0.30943867214,1,0.664777406233,0.664777406233,0.198358957615,16,1,8,0,1,0.250
4,4-QAM,raw_label_srm,0.31,0.25,low_d,0.5,1.3,1.26389362426,0.284725121704,1,0.765971348256,0.765971348256,-0.123459214809,14,1,11,0,0,0.619
4,4-QAM,raw_label_srm,0.315,0.25,high_d,1.1,2.15,1.58457633565,0.300973834404,1,0.661796537418,0.661796537418,0.189713935227,16,1,8,0,1,0.419
4,4-QAM,raw_label_srm,0.315,0.25,low_d,0.5,1.3,1.2527501446,0.278347035785,1,0.76717328599,0.76717328599,-0.147394223561,14,1,11,0,0,0.094
4,4-QAM,raw_label_srm,0.32,0.25,high_d,1.1,2.15,1.5848738066,0.292585619032,1,0.658779382335,0.658779382335,0.181119552147,16,1,8,0,1,0.674
4,4-QAM,raw_label_srm,0.32,0.25,low_d,0.5,1.3,1.2417922304,0.272073325167,1,0.768365705112,0.768365705112,-0.170212939703,14,1,11,0,0,0.224
4,4-QAM,raw_label_srm,0.325,0.25,high_d,1.1,2.15,1.58533375818,0.284273278735,1,0.655721608026,0.655721608026,0.172573306938,16,1,8,0,1,0.123
4,4-QAM,raw_label_srm,0.325,0.25,low_d,0.5,1.3,1.3,0.264591555606,1,0.747583033339,0.747583033339,-0.0868661571,14,1,10,1,0,0.306
4,4-QAM,raw_label_srm,0.33,0.25,high_d,1.1,2.15,1.58596503693,0.276036147095,1,0.652619693675,0.652619693675,0.164073225912,16,1,7,0,1,0.205
4,4-QAM,raw_label_srm,0.33,0.25,low_d,0.5,1.3,0.914910453345,0.261395082362,1,0.862484605097,0.862484605097,-0.362488461449,12,1,10,0,0,0.426
4,4-QAM,raw_label_srm,0.335,0.25,high_d,1.1,2.15,1.58673557369,0.267873642879,1,0.649483299437,0.649483299437,0.155623572449,16,1,7,0,1,0.257
4,4-QAM,raw_label_srm,0.335,0.25,low_d,0.5,1.3,0.907126266447,0.258778634088,1,0.863250639164,0.863250639164,-0.365027602516,12,1,9,0,0,0.255
4,4-QAM,raw_label_srm,0.34,0.25,high_d,1.1,2.15,1.58773429306,0.259785275398,1,0.646283125553,0.646283125553,0.147210767023,16,1,8,0,1,0.262
4,4-QAM,raw_label_srm,0.34,0.25,low_d,0.5,1.3,0.899612666713,0.256222929788,0.999999999999,0.863968596762,0.863968596762,-0.367336725949,12,1,9,0,0,0.342
4,4-QAM,raw_label_srm,0.345,0.25,high_d,1.1,2.15,1.58894971721,0.25177064994,1,0.643022082399,0.643022082399,0.138836404907,16,1,8,0,0,0.305
4,4-QAM,raw_label_srm,0.345,0.25,low_d,0.5,1.3,0.892448804457,0.253724900856,1,0.86461513085,0.86461513085,-0.369466167081,12,1,10,0,1,0.161
4,4-QAM,raw_label_srm,0.35,0.25,high_d,1.1,2.15,1.59036473955,0.243829475047,1,0.63970503597,0.63970503597,0.130503097936,16,1,8,0,0,0.382
4,4-QAM,raw_label_srm,0.35,0.25,low_d,0.5,1.3,0.885555033082,0.251281762548,1,0.865211142085,0.865211142085,-0.371428647079,12,1,9,0,1,0.315
4,4-QAM,raw_label_srm,0.355,0.25,high_d,1.1,2.15,1.59201130125,0.235961570937,1,0.636320931723,0.636320931723,0.122206466354,16,1,9,0,0,0.197
4,4-QAM,raw_label_srm,0.355,0.25,low_d,0.5,1.3,0.878913570974,0.248890975746,0.999999999999,0.865760444102,0.865760444101,-0.37324505727,12,1,9,0,1,0.444
4,4-QAM,raw_label_srm,0.36,0.25,high_d,1.1,2.15,1.59390544303,0.228166878399,1,0.632863853891,0.632863853891,0.113944807219,16,1,9,0,0,0.421
4,4-QAM,raw_label_srm,0.36,0.25,low_d,0.5,1.3,0.8725031552,0.246550213668,1,0.866267920823,0.866267920823,-0.374931768204,12,1,9,0,1,0.284
4,4-QAM,raw_label_srm,0.4,0.25,high_d,1.1,2.15,1.1,0.195864192077,1,0.782239174041,0.782239174041,-0.401681647441,12,1,19,1,0,0.377
4,4-QAM,raw_label_srm,0.4,0.25,low_d,0.5,1.3,0.827718432691,0.229398194706,1,0.869228427992,0.869228427992,-0.385088419463,12,1,8,0,1,0.258
4,4-QAM,raw_label_srm,0.45,0.25,high_d,1.1,2.15,1.1,0.158644324957,1,0.763769191278,0.763769191278,-0.452693008939,12,1,8,1,0,0.314
4,4-QAM,raw_label_srm,0.45,0.25,low_d,0.5,1.3,0.782780942808,0.211110863962,0.999999999999,0.871288436823,0.871288436823,-0.392928201405,12,1,8,0,1,0.314
4,4-QAM,raw_label_srm,0.5,0.25,high_d,1.1,2.15,1.1,0.122684146277,1,0.745462905494,0.745462905494,-0.50217504992,12,1,7,1,0,0.125
4,4-QAM,raw_label_srm,0.5,0.25,low_d,0.5,1.3,0.745501449364,0.195461867553,0.999999999999,0.872438243629,0.872438243628,-0.398052148143,12,1,8,0,1,0.204
8,8-QAM,raw_label_srm,0,0.25,high_d,1.15,2.15,1.71030131493,1.36442440724,1,0.649609024537,0.649609024537,1.24017605052,64,1,8,0,1,2.224
8,8-QAM,raw_label_srm,0,0.25,low_d,0.28,0.9,0.9,0.783774955095,0.99999999986,0.877004828232,0.87700482811,0.112782705921,64,1,18,1,0,2.335
8,8-QAM,raw_label_srm,0.05,0.25,high_d,1.15,2.15,1.63658102877,1.0224760569,1,0.595897366127,0.595897366127,0.918690567703,64,1,9,0,1,3.570
8,8-QAM,raw_label_srm,0.05,0.25,low_d,0.28,0.9,0.9,0.635871208901,0.999999993934,0.842628423507,0.842628418395,-0.0076670411962,62,1,18,1,0,6.021
8,8-QAM,raw_label_srm,0.1,0.25,high_d,1.15,2.15,1.58663656397,0.762612289536,1,0.547750037421,0.547750037421,0.652604446254,64,1,8,0,1,3.271
8,8-QAM,raw_label_srm,0.1,0.25,low_d,0.28,0.9,0.9,0.513091335242,0.99999999986,0.809183403884,0.809183403771,-0.11133160642,62,1,18,1,0,5.874
8,8-QAM,raw_label_srm,0.15,0.25,high_d,1.15,2.15,1.5542297115,0.547190144923,1,0.502613225552,0.502613225552,0.434703215527,64,1,8,0,1,3.231
8,8-QAM,raw_label_srm,0.15,0.25,low_d,0.28,0.9,0.9,0.403338605303,0.99999999986,0.776653018763,0.776653018655,-0.207130537641,60,1,18,1,0,5.857
8,8-QAM,raw_label_srm,0.18,0.25,high_d,1.15,2.15,1.54551397459,0.433106849949,1,0.474884686826,0.474884686826,0.318801167789,64,1,8,0,1,2.996
8,8-QAM,raw_label_srm,0.18,0.25,low_d,0.28,0.9,0.9,0.343661831691,0.99999999986,0.757567125319,0.757567125213,-0.261892591289,58,1,19,1,0,6.056
8,8-QAM,raw_label_srm,0.185,0.25,high_d,1.15,2.15,1.54531469376,0.415019952593,1,0.469992704023,0.469992704023,0.300246741856,64,1,8,0,1,3.020
8,8-QAM,raw_label_srm,0.185,0.25,low_d,0.28,0.9,0.9,0.334277795949,0.99999999986,0.754417358935,0.75441735883,-0.27085159007,58,1,10,1,0,3.559
8,8-QAM,raw_label_srm,0.19,0.25,high_d,1.15,2.15,1.54562565084,0.397181282301,1,0.464960471786,0.464960471786,0.281867028501,64,1,8,0,1,2.951
8,8-QAM,raw_label_srm,0.19,0.25,low_d,0.28,0.9,0.9,0.324949589075,0.99999999986,0.75127647075,0.751276470646,-0.279765683414,58,1,15,1,0,4.924
8,8-QAM,raw_label_srm,0.195,0.25,high_d,1.15,2.15,1.54654417186,0.379586191037,1,0.45974939964,0.45974939964,0.263645285854,64,1,8,0,1,3.103
8,8-QAM,raw_label_srm,0.195,0.25,low_d,0.28,0.9,0.9,0.315676037227,0.99999999986,0.748144445701,0.748144445597,-0.288635906197,58,1,9,1,0,3.371
8,8-QAM,raw_label_srm,0.2,0.25,high_d,1.15,2.15,1.54820049879,0.36223097054,1,0.454308740731,0.454308740731,0.245565179883,64,1,8,0,1,3.038
8,8-QAM,raw_label_srm,0.2,0.25,low_d,0.28,0.9,0.658179521313,0.30920740993,0.999999927466,0.850968005581,0.850967943857,-0.364365615671,56,1,11,0,0,3.820
8,8-QAM,raw_label_srm,0.205,0.25,high_d,1.15,2.15,1.55077306488,0.345113109623,1,0.44857008394,0.44857008394,0.227612230454,64,1,8,0,1,3.104
8,8-QAM,raw_label_srm,0.205,0.25,low_d,0.28,0.9,0.644658213248,0.30440078672,0.9999997755,0.854488532767,0.854488340934,-0.366626091581,56,1,15,0,0,5.094
8,8-QAM,raw_label_srm,0.21,0.25,high_d,1.15,2.15,1.55457988215,0.328231717076,1,0.442412975461,0.442412975461,0.209767897643,64,1,7,0,1,2.740
8,8-QAM,raw_label_srm,0.21,0.25,low_d,0.28,0.9,0.633202136678,0.299795816386,0.999999505018,0.857235845263,0.857235420947,-0.368387318636,56,1,11,0,0,3.920
8,8-QAM,raw_label_srm,0.215,0.25,high_d,1.15,2.15,1.5598736545,0.311588237259,1,0.435745027451,0.435745027451,0.192053444901,64,1,7,0,1,2.898
8,8-QAM,raw_label_srm,0.215,0.25,low_d,0.28,0.9,0.622838101302,0.295368986697,0.999999467617,0.859599550527,0.85959909289,-0.369716400796,56,1,10,0,0,3.725
8,8-QAM,raw_label_srm,0.22,0.25,high_d,1.15,2.15,1.56723352301,0.295187702348,1,0.428354223398,0.428354223398,0.174499889728,64,1,8,0,1,3.110
8,8-QAM,raw_label_srm,0.22,0.25,low_d,0.28,0.9,0.612758181184,0.291102182868,0.999999797506,0.861903698366,0.861903523836,-0.370465910274,56,1,11,0,0,3.899
8,8-QAM,raw_label_srm,0.225,0.25,high_d,1.15,2.15,1.57755515399,0.279040986619,1,0.419919635856,0.419919635856,0.157217272133,64,1,9,0,0,3.429
8,8-QAM,raw_label_srm,0.225,0.25,low_d,0.28,0.9,0.604202241234,0.28697997407,0.999999523301,0.863641071329,0.863640659632,-0.371352598687,56,1,13,0,1,4.457
8,8-QAM,raw_label_srm,0.23,0.25,high_d,1.15,2.15,1.15,0.265453989198,0.999999999989,0.602033723048,0.602033723041,-0.194161846119,56,1,8,1,0,3.060
8,8-QAM,raw_label_srm,0.23,0.25,low_d,0.28,0.9,0.595750299249,0.282990425643,0.999999115433,0.865385467918,0.865384702427,-0.371818797856,56,1,14,0,1,4.629
8,8-QAM,raw_label_srm,0.235,0.25,high_d,1.15,2.15,1.15,0.253900919165,0.999999999987,0.598075292983,0.598075292976,-0.206001866457,54,1,10,1,0,3.551
8,8-QAM,raw_label_srm,0.235,0.25,low_d,0.28,0.9,0.588236708491,0.279123278739,0.999999825758,0.866793412564,0.866793261533,-0.372387997665,56,1,14,0,1,4.617
8,8-QAM,raw_label_srm,0.24,0.25,high_d,1.15,2.15,1.15,0.242700194914,0.999999999989,0.594139465996,0.594139465989,-0.217754205227,54,1,11,1,0,3.862
8,8-QAM,raw_label_srm,0.24,0.25,low_d,0.28,0.9,0.580915971842,0.275369407957,0.999999727138,0.868166694244,0.868166457355,-0.372714212047,56,1,12,0,1,4.126
8,8-QAM,raw_label_srm,0.245,0.25,high_d,1.15,2.15,1.15,0.231579486301,0.999999999996,0.590226128095,0.590226128092,-0.229420465247,54,1,11,1,0,3.850
8,8-QAM,raw_label_srm,0.245,0.25,low_d,0.28,0.9,0.574058432617,0.271721166143,0.999999592834,0.869391973178,0.869391619191,-0.373005561891,56,1,11,0,1,3.775
8,8-QAM,raw_label_srm,0.25,0.25,high_d,1.15,2.15,1.15,0.220537514208,0.999999999989,0.586335166081,0.586335166074,-0.241002193145,54,1,12,1,0,4.133
8,8-QAM,raw_label_srm,0.25,0.25,low_d,0.28,0.9,0.567544351726,0.268171925584,0.999999843625,0.870515939216,0.870515803089,-0.373234003794,56,1,11,0,1,3.776
8,8-QAM,raw_label_srm,0.255,0.25,high_d,1.15,2.15,1.15,0.209573043119,0.999999999989,0.58246646754,0.582466467533,-0.252500882178,54,1,10,1,0,3.602
8,8-QAM,raw_label_srm,0.255,0.25,low_d,0.28,0.9,0.56151450155,0.264715417859,0.999999577189,0.871477645337,0.871477276867,-0.373537022586,56,1,10,0,1,3.641
8,8-QAM,raw_label_srm,0.26,0.25,high_d,1.15,2.15,1.15,0.19902000973,0.999999999989,0.578619920836,0.578619920829,-0.263917974867,52,1,10,1,0,3.643
8,8-QAM,raw_label_srm,0.26,0.25,low_d,0.28,0.9,0.555709235133,0.261346442035,0.999999242051,0.872382450524,0.872381789303,-0.373770547521,56,1,10,0,1,3.703
8,8-QAM,raw_label_srm,0.3,0.25,high_d,1.15,2.15,1.15,0.119596969485,0.999999999987,0.548631868756,0.548631868749,-0.352475406482,50,1,11,1,0,3.947
8,8-QAM,raw_label_srm,0.3,0.25,low_d,0.28,0.9,0.516505354878,0.237050260946,0.999999309391,0.877728747359,0.877728141191,-0.374825112313,56,1,14,0,1,4.754
8,8-QAM,raw_label_srm,0.35,0.25,high_d,1.15,2.15,1.15,0.0501388594849,0.999999999996,0.513047270794,0.513047270792,-0.45686780967,34,1,11,1,0,4.149
8,8-QAM,raw_label_srm,0.35,0.25,low_d,0.28,0.9,0.47980257985,0.211718939554,0.99999895917,0.881419934516,0.881419017108,-0.376054923012,56,1,9,0,1,3.395
8,8-QAM,raw_label_srm,0.4,0.25,high_d,1.15,2.15,1.15,0.0155503170361,0.999999999989,0.479480240025,0.47948024002,-0.55510961362,14,1,11,1,0,4.103
8,8-QAM,raw_label_srm,0.4,0.25,low_d,0.28,0.9,0.451270529195,0.190368425658,0.999998856098,0.88337313028,0.883372119787,-0.377866219177,56,1,9,0,1,3.568
8,8-QAM,raw_label_srm,0.45,0.25,high_d,1.15,2.15,1.84066252104,0.00414788039164,1,0.199477983503,0.199477983503,-0.29777609316,6,1,12,0,0,5.264
8,8-QAM,raw_label_srm,0.45,0.25,low_d,0.28,0.9,0.422269017091,0.173425784892,0.999999481088,0.887192182444,0.887191722069,-0.373088173173,54,1,9,0,1,3.717
8,8-QAM,raw_label_srm,0.5,0.25,high_d,1.15,2.15,1.85351808619,0.00162018776931,1,0.180114689857,0.180114689857,-0.338957357651,4,1,13,0,0,6.928
8,8-QAM,raw_label_srm,0.5,0.25,low_d,0.28,0.9,0.396396472635,0.16051043261,0.999999348824,0.890918206461,0.890917626317,-0.367005907269,52,1,8,0,1,5.715
16,16-QAM,raw_label_srm,0,0.25,high_d,1.05,2.15,1.68561076685,1.67284879047,1,0.484338234263,0.484338234263,1.53434048761,256,1,8,0,1,51.079
16,16-QAM,raw_label_srm,0,0.25,low_d,0.22,0.8,0.8,1.00773325241,0.999995054629,0.838547074737,0.838542927811,-0.130862773093,254,1,18,1,0,40.112
16,16-QAM,raw_label_srm,0,0.25,mid_d,0.65,1.3,1.3,1.51310620893,0.999999997167,0.637366946211,0.637366944406,1.13239494193,256,1,18,1,0,83.278
16,16-QAM,raw_label_srm,0.04,0.25,high_d,1.05,2.15,1.55885797961,1.02891411649,0.999999999999,0.428996101712,0.428996101711,0.904361909158,256,1,9,0,1,161.873
16,16-QAM,raw_label_srm,0.04,0.25,low_d,0.22,0.8,0.8,0.761334062798,0.99999539314,0.787051854784,0.787048228946,-0.27624381625,254,1,18,1,0,259.540
16,16-QAM,raw_label_srm,0.04,0.25,mid_d,0.65,1.3,1.3,0.992267526082,0.999999982483,0.543631627998,0.543631618475,0.643183899338,256,1,18,1,0,291.281
16,16-QAM,raw_label_srm,0.05,0.25,high_d,1.05,2.15,1.53128601085,0.911905849544,0.999999999999,0.418317811039,0.418317811038,0.773808356774,256,1,9,0,1,167.082
16,16-QAM,raw_label_srm,0.05,0.25,low_d,0.22,0.8,0.8,0.707945356991,0.999996156518,0.774578867544,0.774575890464,-0.307995173559,254,1,18,1,0,278.078
16,16-QAM,raw_label_srm,0.05,0.25,mid_d,0.65,1.3,1.3,0.888490549288,0.999999992336,0.522563470586,0.522563466581,0.546886331743,256,1,18,1,0,301.548
16,16-QAM,raw_label_srm,0.06,0.25,high_d,1.05,2.15,1.50552322157,0.804278019124,0.999999999988,0.408360832344,0.408360832339,0.654076966547,256,1,9,0,1,184.910
16,16-QAM,raw_label_srm,0.06,0.25,low_d,0.22,0.8,0.8,0.6563361569,0.999994323967,0.762264198796,0.762259872159,-0.338842494098,254,1,18,1,0,287.382
16,16-QAM,raw_label_srm,0.06,0.25,mid_d,0.65,1.3,1.3,0.790749164793,0.999999978179,0.502366112172,0.50236610121,0.456319408075,256,1,18,1,0,323.110
16,16-QAM,raw_label_srm,0.07,0.25,high_d,1.05,2.15,1.48082368411,0.704444645371,0.999999999955,0.39926476726,0.399264767242,0.542895683412,256,1,9,0,1,185.844
16,16-QAM,raw_label_srm,0.07,0.25,low_d,0.22,0.8,0.8,0.606265448841,0.999995571297,0.750106820667,0.750103498667,-0.368923223491,254,1,18,1,0,292.953
16,16-QAM,raw_label_srm,0.07,0.25,mid_d,0.65,1.3,1.3,0.698266592352,0.999999985352,0.483004324466,0.483004317392,0.370707928066,256,1,18,1,0,332.535
16,16-QAM,raw_label_srm,0.08,0.25,high_d,1.05,2.15,1.05,0.611310018349,0.999999580511,0.599052435023,0.599052183727,0.202122830211,256,1,9,1,0,191.918
16,16-QAM,raw_label_srm,0.08,0.25,low_d,0.22,0.8,0.8,0.557550949443,0.999995908661,0.73810569245,0.738102672609,-0.398336373232,254,1,18,1,0,294.224
16,16-QAM,raw_label_srm,0.08,0.25,mid_d,0.65,1.3,1.14136744001,0.615282490373,0.999999541269,0.548086917264,0.548086665839,0.228163847667,256,1,15,0,1,285.400
16,16-QAM,raw_label_srm,0.09,0.25,high_d,1.05,2.15,1.05,0.543388464041,0.999999477618,0.583215495047,0.583215190386,0.134980030574,256,1,12,1,0,240.129
16,16-QAM,raw_label_srm,0.09,0.25,low_d,0.22,0.8,0.8,0.510054403642,0.999994972494,0.726259760994,0.726256109719,-0.427157587418,254,1,18,1,0,305.468
16,16-QAM,raw_label_srm,0.09,0.25,mid_d,0.65,1.3,1.0614560949,0.543446352794,0.999999706872,0.576640875828,0.576640706799,0.152211132868,256,1,10,0,1,207.782
16,16-QAM,raw_label_srm,0.1,0.25,high_d,1.05,2.15,1.05,0.477718315897,0.999998490393,0.567790531395,0.567789674254,0.0704688749772,256,1,10,1,0,208.676
16,16-QAM,raw_label_srm,0.1,0.25,low_d,0.22,0.8,0.8,0.463669086692,0.999996750476,0.71456796111,0.714565639104,-0.455444112654,254,1,18,1,0,334.420
16,16-QAM,raw_label_srm,0.1,0.25,mid_d,0.65,1.3,0.948472219701,0.482084712366,0.999998995693,0.627520537301,0.627519907078,-0.277182504774,252,1,16,0,1,311.584
16,16-QAM,raw_label_srm,0.11,0.25,high_d,1.05,2.15,1.05,0.414127974661,0.999998726442,0.552768039408,0.552767335426,0.00838050908263,256,1,11,1,0,232.003
16,16-QAM,raw_label_srm,0.11,0.25,low_d,0.22,0.8,0.8,0.41830307677,0.999995908661,0.70302921596,0.703026339629,-0.483243654353,254,1,18,1,0,337.752
16,16-QAM,raw_label_srm,0.11,0.25,mid_d,0.65,1.3,0.901742864214,0.427921796612,0.999995445441,0.641869016632,0.641866093202,-0.403061326361,252,1,8,0,1,181.283
16,16-QAM,raw_label_srm,0.12,0.25,high_d,1.05,2.15,1.05,0.352921877588,0.999998475365,0.538138682869,0.538137862404,-0.05146051267,254,1,9,1,0,198.297
16,16-QAM,raw_label_srm,0.12,0.25,low_d,0.22,0.8,0.8,0.373884414337,0.999997022808,0.691642437463,0.691640378311,-0.510594963465,254,1,19,1,0,355.442
16,16-QAM,raw_label_srm,0.12,0.25,mid_d,0.65,1.3,0.863069257541,0.378015483403,0.999997435507,0.652797762441,0.652796088346,-0.47597694581,252,1,10,0,1,219.985
16,16-QAM,raw_label_srm,0.13,0.25,high_d,1.05,2.15,1.05,0.293691861444,0.999999280024,0.52389329307,0.523892915879,-0.109204256549,250,1,10,1,0,223.026
16,16-QAM,raw_label_srm,0.13,0.25,low_d,0.22,0.8,0.526283394311,0.337809794412,0.999997971024,0.84348259217,0.843480880763,-0.44430248245,234,1,14,0,1,258.039
16,16-QAM,raw_label_srm,0.13,0.25,mid_d,0.65,1.3,0.829812267955,0.331631360715,0.999997571787,0.66161027206,0.661608665529,-0.52587110038,250,1,10,0,0,222.905
16,16-QAM,raw_label_srm,0.14,0.25,high_d,1.05,2.15,1.05,0.237935323545,0.99999898412,0.510022867787,0.510022349664,-0.164981020444,240,1,12,1,0,251.321
16,16-QAM,raw_label_srm,0.14,0.25,low_d,0.22,0.8,0.497091753869,0.320741522841,0.999996512023,0.853192790492,0.853189814575,-0.433468603909,232,1,11,0,1,207.709
16,16-QAM,raw_label_srm,0.14,0.25,mid_d,0.65,1.3,0.65,0.300776748215,0.999992514747,0.76444537175,0.764439649684,-0.549497237422,238,1,19,1,0,351.371
16,16-QAM,raw_label_srm,0.15,0.25,high_d,1.05,2.15,1.05,0.186737370944,0.999999436035,0.496518570166,0.496518290147,-0.218905376384,222,1,11,1,0,233.648
16,16-QAM,raw_label_srm,0.15,0.25,low_d,0.22,0.8,0.476067994339,0.305617962594,0.999993903689,0.859033573365,0.859028336429,-0.427277532572,232,1,9,0,1,176.822
16,16-QAM,raw_label_srm,0.15,0.25,mid_d,0.65,1.3,0.65,0.273088274053,0.999994321868,0.755947486439,0.75594319407,-0.571126516802,236,1,18,1,0,359.745
16,16-QAM,raw_label_srm,0.16,0.25,high_d,1.05,2.15,1.90081918564,0.149962829714,0.999999999999,0.152655010003,0.152655010003,-0.0514849436924,228,1,10,0,0,222.398
16,16-QAM,raw_label_srm,0.16,0.25,low_d,0.22,0.8,0.457689677706,0.292218572855,0.999992966697,0.863888490688,0.863882414698,-0.421602194564,230,1,9,0,1,184.214
16,16-QAM,raw_label_srm,0.16,0.25,mid_d,0.65,1.3,0.65,0.246073602915,0.999991554502,0.747508638458,0.747502325376,-0.592530567264,232,1,18,1,0,371.208
16,16-QAM,raw_label_srm,0.2,0.25,high_d,1.05,2.15,2.07113892312,0.0643647181007,1,0.10807773093,0.10807773093,-0.0873717179288,140,1,14,0,0,298.415
16,16-QAM,raw_label_srm,0.2,0.25,low_d,0.22,0.8,0.403784887163,0.251239493127,0.999995998927,0.876019550521,0.876016045503,-0.406718012766,224,1,9,0,1,194.648
16,16-QAM,raw_label_srm,0.2,0.25,mid_d,0.65,1.3,0.65,0.152285822764,0.999994153574,0.714346150102,0.71434197373,-0.676144869996,190,1,18,1,0,376.077
16,16-QAM,raw_label_srm,0.25,0.25,high_d,1.05,2.15,2.11105790216,0.0195086433595,1,0.0898752403966,0.0898752403966,-0.146848629596,96,1,15,0,0,323.086
16,16-QAM,raw_label_srm,0.25,0.25,low_d,0.22,0.8,0.363113694433,0.214786066658,0.999995723439,0.881447106313,0.881443336751,-0.403288939518,224,1,11,0,1,234.756
16,16-QAM,raw_label_srm,0.25,0.25,mid_d,0.65,1.3,0.65,0.078476252941,0.999993653364,0.674235106393,0.674230827268,-0.776836462332,142,1,18,1,0,373.958
16,16-QAM,raw_label_srm,0.3,0.25,high_d,1.05,2.15,2.15,0.00320114685963,1,0.0787615414982,0.0787615414982,-0.177812081301,34,1,12,1,0,267.794
16,16-QAM,raw_label_srm,0.3,0.25,low_d,0.22,0.8,0.333056056916,0.187124749368,0.999997912811,0.884461107187,0.88445926115,-0.402439412937,224,1,8,0,1,186.644
16,16-QAM,raw_label_srm,0.3,0.25,mid_d,0.65,1.3,0.65,0.0356812470192,0.99999526261,0.6356246373,0.635621626099,-0.874011813149,106,1,18,1,0,368.331
16,16-QAM,raw_label_srm,0.35,0.25,high_d,1.05,2.15,2.12878241955,0.000780168751187,0.999999999999,0.0736300819777,0.0736300819777,-0.208783448952,6,1,12,0,0,260.727
16,16-QAM,raw_label_srm,0.35,0.25,low_d,0.22,0.8,0.308477733796,0.165290215549,0.999998653991,0.886885662499,0.886884468743,-0.401135099216,222,1,12,0,1,237.806
16,16-QAM,raw_label_srm,0.35,0.25,mid_d,0.65,1.3,0.65,0.00819634610353,0.999994784621,0.598520566354,0.598517444843,-0.968195564899,60,1,18,1,0,364.547
16,16-QAM,raw_label_srm,0.4,0.25,high_d,1.05,2.15,2.11913877429,0.000274639558528,1,0.0696882700926,0.0696882700925,-0.229474948527,2,1,12,0,0,256.599
16,16-QAM,raw_label_srm,0.4,0.25,low_d,0.22,0.8,0.289036731344,0.14803992545,0.999998014026,0.888058393187,0.888056629527,-0.402019893073,222,1,8,0,1,177.121
16,16-QAM,raw_label_srm,0.4,0.25,mid_d,0.65,1.3,0.65,0.000853313750364,0.999995723407,0.562924259734,0.562921852336,-1.05974853462,14,1,18,1,0,356.539
16,16-QAM,raw_label_srm,0.45,0.25,high_d,1.05,2.15,2.15,0.000155295649963,1,0.0663018697824,0.0663018697824,-0.228933385863,2,1,19,1,0,343.982
16,16-QAM,raw_label_srm,0.45,0.25,low_d,0.22,0.8,0.271023423507,0.133745506493,0.999998891661,0.890032127117,0.89003114066,-0.399730378772,220,1,11,0,1,214.745
16,16-QAM,raw_label_srm,0.45,0.25,mid_d,0.65,1.3,0.65,0,0.999996050649,0.528832660248,0.528830571702,-1.1489285625,0,1,18,1,0,297.010
16,16-QAM,raw_label_srm,0.5,0.25,high_d,1.05,2.15,2.15,7.81743898173e-05,0.999999999999,0.0644126931414,0.0644126931414,-0.238770198317,2,1,19,1,0,260.242
16,16-QAM,raw_label_srm,0.5,0.25,low_d,0.22,0.8,0.257096035486,0.121939640961,0.999996932158,0.890402785119,0.890400053504,-0.401452334363,220,1,9,0,1,171.322
16,16-QAM,raw_label_srm,0.5,0.25,mid_d,0.65,1.3,0.65,0,0.999994223081,0.496238353806,0.496235487078,-1.23592453402,0,1,18,1,0,250.061
