subfigure,M,constellation,receiver,interface_loss_db_per_reflection,channel_loss_db_per_arm_code,end_to_end_channel_loss_db_midpoint,branch_label,spacing_d,hashing_bound_bits_per_attempt,generation_loss_db_per_step,channel_loss_db
"Fig. 3(a,b)",2,2-QAM,raw_label_srm,0.0,0.25,0.5,single,1.67478287424,0.523688510534,0.0,0.25
"Fig. 3(a,b)",2,2-QAM,raw_label_srm,0.05,0.25,0.5,single,1.63445635267,0.47527205281,0.05,0.25
"Fig. 3(a,b)",2,2-QAM,raw_label_srm,0.1,0.25,0.5,single,1.60021650566,0.431790854934,0.1,0.25
"Fig. 3(a,b)",2,2-QAM,raw_label_srm,0.15,0.25,0.5,single,1.57051053051,0.392270357698,0.15,0.25
"Fig. 3(a,b)",2,2-QAM,raw_label_srm,0.2,0.25,0.5,single,1.54433889119,0.356015334845,0.2,0.25
"Fig. 3(a,b)",2,2-QAM,raw_label_srm,0.25,0.25,0.5,single,1.52101417515,0.322508776506,0.25,0.25
"Fig. 3(a,b)",2,2-QAM,raw_label_srm,0.3,0.25,0.5,single,1.50008679407,0.291353710639,0.3,0.25
"Fig. 3(a,b)",2,2-QAM,raw_label_srm,0.35,0.25,0.5,single,1.48122754298,0.26223751105,0.35,0.25
"Fig. 3(a,b)",2,2-QAM,raw_label_srm,0.4,0.25,0.5,single,1.46421301638,0.234908879201,0.4,0.25
"Fig. 3(a,b)",2,2-QAM,raw_label_srm,0.45,0.25,0.5,single,1.44891702223,0.209162398752,0.45,0.25
"Fig. 3(a,b)",2,2-QAM,raw_label_srm,0.5,0.25,0.5,single,1.43522848204,0.184827842497,0.5,0.25
"Fig. 3(a,b)",4,4-QAM,raw_label_srm,0.0,0.25,0.5,high_d,1.76801826628,1.08526639383,0.0,0.25
"Fig. 3(a,b)",4,4-QAM,raw_label_srm,0.05,0.25,0.5,high_d,1.70840255798,0.902979890401,0.05,0.25
"Fig. 3(a,b)",4,4-QAM,raw_label_srm,0.1,0.25,0.5,high_d,1.66541120374,0.755588063203,0.1,0.25
"Fig. 3(a,b)",4,4-QAM,raw_label_srm,0.15,0.25,0.5,high_d,1.6330038608,0.629076423782,0.15,0.25
"Fig. 3(a,b)",4,4-QAM,raw_label_srm,0.2,0.25,0.5,high_d,1.60875398183,0.51747103624,0.2,0.25
"Fig. 3(a,b)",4,4-QAM,raw_label_srm,0.25,0.25,0.5,high_d,1.59213822059,0.417364658198,0.25,0.25
"Fig. 3(a,b)",4,4-QAM,raw_label_srm,0.28,0.25,0.5,high_d,1.58632044343,0.361888034316,0.28,0.25
"Fig. 3(a,b)",4,4-QAM,raw_label_srm,0.285,0.25,0.5,high_d,1.58570618801,0.35294361408,0.285,0.25
"Fig. 3(a,b)",4,4-QAM,raw_label_srm,0.29,0.25,0.5,high_d,1.58521229182,0.344081840292,0.29,0.25
"Fig. 3(a,b)",4,4-QAM,raw_label_srm,0.295,0.25,0.5,high_d,1.58482002906,0.335301534802,0.295,0.25
"Fig. 3(a,b)",4,4-QAM,raw_label_srm,0.3,0.25,0.5,high_d,1.58455868888,0.326601587375,0.3,0.25
"Fig. 3(a,b)",4,4-QAM,raw_label_srm,0.305,0.25,0.5,high_d,1.58442641792,0.317980956815,0.305,0.25
"Fig. 3(a,b)",4,4-QAM,raw_label_srm,0.31,0.25,0.5,high_d,1.58442986933,0.30943867214,0.31,0.25
"Fig. 3(a,b)",4,4-QAM,raw_label_srm,0.315,0.25,0.5,high_d,1.58457633565,0.300973834404,0.315,0.25
"Fig. 3(a,b)",4,4-QAM,raw_label_srm,0.32,0.25,0.5,high_d,1.5848738066,0.292585619032,0.32,0.25
"Fig. 3(a,b)",4,4-QAM,raw_label_srm,0.325,0.25,0.5,high_d,1.58533375818,0.284273278735,0.325,0.25
"Fig. 3(a,b)",4,4-QAM,raw_label_srm,0.33,0.25,0.5,high_d,1.58596503693,0.276036147095,0.33,0.25
"Fig. 3(a,b)",4,4-QAM,raw_label_srm,0.335,0.25,0.5,high_d,1.58673557369,0.267873642879,0.335,0.25
"Fig. 3(a,b)",4,4-QAM,raw_label_srm,0.34,0.25,0.5,high_d,1.58773429306,0.259785275398,0.34,0.25
"Fig. 3(a,b)",4,4-QAM,raw_label_srm,0.345,0.25,0.5,low_d,0.892448804457,0.253724900856,0.345,0.25
"Fig. 3(a,b)",4,4-QAM,raw_label_srm,0.35,0.25,0.5,low_d,0.885555033082,0.251281762548,0.35,0.25
"Fig. 3(a,b)",4,4-QAM,raw_label_srm,0.355,0.25,0.5,low_d,0.878913570974,0.248890975746,0.355,0.25
"Fig. 3(a,b)",4,4-QAM,raw_label_srm,0.36,0.25,0.5,low_d,0.8725031552,0.246550213668,0.36,0.25
"Fig. 3(a,b)",4,4-QAM,raw_label_srm,0.4,0.25,0.5,low_d,0.827718432691,0.229398194706,0.4,0.25
"Fig. 3(a,b)",4,4-QAM,raw_label_srm,0.45,0.25,0.5,low_d,0.782780942808,0.211110863962,0.45,0.25
"Fig. 3(a,b)",4,4-QAM,raw_label_srm,0.5,0.25,0.5,low_d,0.745501449364,0.195461867553,0.5,0.25
"Fig. 3(a,b)",8,8-QAM,raw_label_srm,0.0,0.25,0.5,high_d,1.71030131493,1.36442440724,0.0,0.25
"Fig. 3(a,b)",8,8-QAM,raw_label_srm,0.05,0.25,0.5,high_d,1.63658102877,1.0224760569,0.05,0.25
"Fig. 3(a,b)",8,8-QAM,raw_label_srm,0.1,0.25,0.5,high_d,1.58663656397,0.762612289536,0.1,0.25
"Fig. 3(a,b)",8,8-QAM,raw_label_srm,0.15,0.25,0.5,high_d,1.5542297115,0.547190144923,0.15,0.25
"Fig. 3(a,b)",8,8-QAM,raw_label_srm,0.18,0.25,0.5,high_d,1.54551397459,0.433106849949,0.18,0.25
"Fig. 3(a,b)",8,8-QAM,raw_label_srm,0.185,0.25,0.5,high_d,1.54531469376,0.415019952593,0.185,0.25
"Fig. 3(a,b)",8,8-QAM,raw_label_srm,0.19,0.25,0.5,high_d,1.54562565084,0.397181282301,0.19,0.25
"Fig. 3(a,b)",8,8-QAM,raw_label_srm,0.195,0.25,0.5,high_d,1.54654417186,0.379586191037,0.195,0.25
"Fig. 3(a,b)",8,8-QAM,raw_label_srm,0.2,0.25,0.5,high_d,1.54820049879,0.36223097054,0.2,0.25
"Fig. 3(a,b)",8,8-QAM,raw_label_srm,0.205,0.25,0.5,high_d,1.55077306488,0.345113109623,0.205,0.25
"Fig. 3(a,b)",8,8-QAM,raw_label_srm,0.21,0.25,0.5,high_d,1.55457988215,0.328231717076,0.21,0.25
"Fig. 3(a,b)",8,8-QAM,raw_label_srm,0.215,0.25,0.5,high_d,1.5598736545,0.311588237259,0.215,0.25
"Fig. 3(a,b)",8,8-QAM,raw_label_srm,0.22,0.25,0.5,high_d,1.56723352301,0.295187702348,0.22,0.25
"Fig. 3(a,b)",8,8-QAM,raw_label_srm,0.225,0.25,0.5,low_d,0.604202241234,0.28697997407,0.225,0.25
"Fig. 3(a,b)",8,8-QAM,raw_label_srm,0.23,0.25,0.5,low_d,0.595750299249,0.282990425643,0.23,0.25
"Fig. 3(a,b)",8,8-QAM,raw_label_srm,0.235,0.25,0.5,low_d,0.588236708491,0.279123278739,0.235,0.25
"Fig. 3(a,b)",8,8-QAM,raw_label_srm,0.24,0.25,0.5,low_d,0.580915971842,0.275369407957,0.24,0.25
"Fig. 3(a,b)",8,8-QAM,raw_label_srm,0.245,0.25,0.5,low_d,0.574058432617,0.271721166143,0.245,0.25
"Fig. 3(a,b)",8,8-QAM,raw_label_srm,0.25,0.25,0.5,low_d,0.567544351726,0.268171925584,0.25,0.25
"Fig. 3(a,b)",8,8-QAM,raw_label_srm,0.255,0.25,0.5,low_d,0.56151450155,0.264715417859,0.255,0.25
"Fig. 3(a,b)",8,8-QAM,raw_label_srm,0.26,0.25,0.5,low_d,0.555709235133,0.261346442035,0.26,0.25
"Fig. 3(a,b)",8,8-QAM,raw_label_srm,0.3,0.25,0.5,low_d,0.516505354878,0.237050260946,0.3,0.25
"Fig. 3(a,b)",8,8-QAM,raw_label_srm,0.35,0.25,0.5,low_d,0.47980257985,0.211718939554,0.35,0.25
"Fig. 3(a,b)",8,8-QAM,raw_label_srm,0.4,0.25,0.5,low_d,0.451270529195,0.190368425658,0.4,0.25
"Fig. 3(a,b)",8,8-QAM,raw_label_srm,0.45,0.25,0.5,low_d,0.422269017091,0.173425784892,0.45,0.25
"Fig. 3(a,b)",8,8-QAM,raw_label_srm,0.5,0.25,0.5,low_d,0.396396472635,0.16051043261,0.5,0.25
"Fig. 3(a,b)",16,16-QAM,raw_label_srm,0.0,0.25,0.5,high_d,1.68561076685,1.67284879047,0.0,0.25
"Fig. 3(a,b)",16,16-QAM,raw_label_srm,0.04,0.25,0.5,high_d,1.55885797961,1.02891411649,0.04,0.25
"Fig. 3(a,b)",16,16-QAM,raw_label_srm,0.05,0.25,0.5,high_d,1.53128916584,0.911905849551,0.05,0.25
"Fig. 3(a,b)",16,16-QAM,raw_label_srm,0.0525,0.25,0.5,high_d,1.52470755469,0.884190340013,0.0525,0.25
"Fig. 3(a,b)",16,16-QAM,raw_label_srm,0.055,0.25,0.5,high_d,1.51817779422,0.857030454921,0.055,0.25
"Fig. 3(a,b)",16,16-QAM,raw_label_srm,0.0575,0.25,0.5,high_d,1.51179420024,0.830400821659,0.0575,0.25
"Fig. 3(a,b)",16,16-QAM,raw_label_srm,0.06,0.25,0.5,high_d,1.50552069449,0.80427801911,0.06,0.25
"Fig. 3(a,b)",16,16-QAM,raw_label_srm,0.0625,0.25,0.5,high_d,1.49930615682,0.778640379577,0.0625,0.25
"Fig. 3(a,b)",16,16-QAM,raw_label_srm,0.065,0.25,0.5,high_d,1.49316572196,0.753467818777,0.065,0.25
"Fig. 3(a,b)",16,16-QAM,raw_label_srm,0.0675,0.25,0.5,high_d,1.48697099567,0.728741687868,0.0675,0.25
"Fig. 3(a,b)",16,16-QAM,raw_label_srm,0.07,0.25,0.5,high_d,1.48082201681,0.704444645378,0.07,0.25
"Fig. 3(a,b)",16,16-QAM,raw_label_srm,0.0725,0.25,0.5,high_d,1.4746080615,0.680560557803,0.0725,0.25
"Fig. 3(a,b)",16,16-QAM,raw_label_srm,0.075,0.25,0.5,high_d,1.4682378142,0.657074423674,0.075,0.25
"Fig. 3(a,b)",16,16-QAM,raw_label_srm,0.0775,0.25,0.5,mid_d,1.16373992176,0.634612409748,0.0775,0.25
"Fig. 3(a,b)",16,16-QAM,raw_label_srm,0.08,0.25,0.5,mid_d,1.14222152534,0.615282623909,0.08,0.25
"Fig. 3(a,b)",16,16-QAM,raw_label_srm,0.0825,0.25,0.5,high_d,1.12176817393,0.596520905031,0.0825,0.25
"Fig. 3(a,b)",16,16-QAM,raw_label_srm,0.085,0.25,0.5,high_d,1.10131900464,0.578300568802,0.085,0.25
"Fig. 3(a,b)",16,16-QAM,raw_label_srm,0.0875,0.25,0.5,high_d,1.08194047058,0.560610084178,0.0875,0.25
"Fig. 3(a,b)",16,16-QAM,raw_label_srm,0.09,0.25,0.5,mid_d,1.0614409483,0.543446347417,0.09,0.25
"Fig. 3(a,b)",16,16-QAM,raw_label_srm,0.0925,0.25,0.5,mid_d,1.04015545582,0.526805648979,0.0925,0.25
"Fig. 3(a,b)",16,16-QAM,raw_label_srm,0.095,0.25,0.5,mid_d,0.981799649301,0.511343718849,0.095,0.25
"Fig. 3(a,b)",16,16-QAM,raw_label_srm,0.0975,0.25,0.5,mid_d,0.965083639006,0.496457498765,0.0975,0.25
"Fig. 3(a,b)",16,16-QAM,raw_label_srm,0.1,0.25,0.5,mid_d,0.948800113919,0.482084879532,0.1,0.25
"Fig. 3(a,b)",16,16-QAM,raw_label_srm,0.1025,0.25,0.5,mid_d,0.936118787579,0.468091109829,0.1025,0.25
"Fig. 3(a,b)",16,16-QAM,raw_label_srm,0.105,0.25,0.5,mid_d,0.924163450101,0.454411542788,0.105,0.25
"Fig. 3(a,b)",16,16-QAM,raw_label_srm,0.1075,0.25,0.5,mid_d,0.912569073676,0.441027871577,0.1075,0.25
"Fig. 3(a,b)",16,16-QAM,raw_label_srm,0.11,0.25,0.5,mid_d,0.901359519473,0.427922299483,0.11,0.25
"Fig. 3(a,b)",16,16-QAM,raw_label_srm,0.1125,0.25,0.5,mid_d,0.891406251351,0.415082561206,0.1125,0.25
"Fig. 3(a,b)",16,16-QAM,raw_label_srm,0.115,0.25,0.5,mid_d,0.881545619872,0.402492327051,0.115,0.25
"Fig. 3(a,b)",16,16-QAM,raw_label_srm,0.1175,0.25,0.5,mid_d,0.871981889647,0.390140481468,0.1175,0.25
"Fig. 3(a,b)",16,16-QAM,raw_label_srm,0.12,0.25,0.5,mid_d,0.862900080637,0.378015573261,0.12,0.25
"Fig. 3(a,b)",16,16-QAM,raw_label_srm,0.1225,0.25,0.5,mid_d,0.854560533695,0.366106884782,0.1225,0.25
"Fig. 3(a,b)",16,16-QAM,raw_label_srm,0.125,0.25,0.5,mid_d,0.84618356111,0.354407697629,0.125,0.25
"Fig. 3(a,b)",16,16-QAM,raw_label_srm,0.1275,0.25,0.5,mid_d,0.837805279018,0.342908735284,0.1275,0.25
"Fig. 3(a,b)",16,16-QAM,raw_label_srm,0.13,0.25,0.5,low_d,0.526253579055,0.337809848115,0.13,0.25
"Fig. 3(a,b)",16,16-QAM,raw_label_srm,0.1325,0.25,0.5,low_d,0.518791188092,0.333242365661,0.1325,0.25
"Fig. 3(a,b)",16,16-QAM,raw_label_srm,0.135,0.25,0.5,low_d,0.508533155386,0.328931007586,0.135,0.25
"Fig. 3(a,b)",16,16-QAM,raw_label_srm,0.1375,0.25,0.5,low_d,0.504547907063,0.324771459579,0.1375,0.25
"Fig. 3(a,b)",16,16-QAM,raw_label_srm,0.14,0.25,0.5,low_d,0.496326371439,0.320742313874,0.14,0.25
"Fig. 3(a,b)",16,16-QAM,raw_label_srm,0.1425,0.25,0.5,low_d,0.491009857577,0.31681412709,0.1425,0.25
"Fig. 3(a,b)",16,16-QAM,raw_label_srm,0.145,0.25,0.5,low_d,0.48560713285,0.312988093444,0.145,0.25
"Fig. 3(a,b)",16,16-QAM,raw_label_srm,0.1475,0.25,0.5,low_d,0.480804363506,0.309258036695,0.1475,0.25
"Fig. 3(a,b)",16,16-QAM,raw_label_srm,0.15,0.25,0.5,low_d,0.476141308636,0.305618363484,0.15,0.25
"Fig. 3(a,b)",16,16-QAM,raw_label_srm,0.16,0.25,0.5,low_d,0.457689677706,0.292218572855,0.16,0.25
"Fig. 3(a,b)",16,16-QAM,raw_label_srm,0.2,0.25,0.5,low_d,0.403784887163,0.251239493127,0.2,0.25
"Fig. 3(a,b)",16,16-QAM,raw_label_srm,0.25,0.25,0.5,low_d,0.363113694433,0.214786066658,0.25,0.25
"Fig. 3(a,b)",16,16-QAM,raw_label_srm,0.3,0.25,0.5,low_d,0.333056056916,0.187124749368,0.3,0.25
"Fig. 3(a,b)",16,16-QAM,raw_label_srm,0.35,0.25,0.5,low_d,0.308477733796,0.165290215549,0.35,0.25
"Fig. 3(a,b)",16,16-QAM,raw_label_srm,0.4,0.25,0.5,low_d,0.289036731344,0.14803992545,0.4,0.25
"Fig. 3(a,b)",16,16-QAM,raw_label_srm,0.45,0.25,0.5,low_d,0.271023423507,0.133745506493,0.45,0.25
"Fig. 3(a,b)",16,16-QAM,raw_label_srm,0.5,0.25,0.5,low_d,0.257096035486,0.121939640961,0.5,0.25
