M,constellation,receiver,phase_error_pi,phase_error_rad,source_loss_db_per_interface,channel_loss_db_per_arm,eta_source,eta_channel,seed_spacing_d,bracket_min,bracket_max,optimized_spacing_d,hashing_bound_bits_per_attempt,success_probability,average_target_fidelity,probability_weighted_fidelity,min_coherent_information,useful_outcomes,optimizer_success,optimizer_nfev,is_boundary_peak,seconds
2,2-QAM,raw_label_srm,-0.3,-0.942477796077,0.2,0.25,0.954992586021,0.944060876286,1.54433889119,1.24433889119,1.84433889119,1.74653701751,0.352015560041,1,0.887315745247,0.887315745247,0.247192104443,4,1,8,0,0.021
2,2-QAM,raw_label_srm,-0.295,-0.926769832809,0.2,0.25,0.954992586021,0.944060876286,1.54433889119,1.24433889119,1.84433889119,1.73912185541,0.352076028266,1,0.887435116688,0.887435116688,0.246948769868,4,1,8,0,0.103
2,2-QAM,raw_label_srm,-0.29,-0.911061869541,0.2,0.25,0.954992586021,0.944060876286,1.54433889119,1.24433889119,1.84433889119,1.73188713298,0.352138885731,1,0.887550927773,0.887550927773,0.246702553695,4,1,8,0,0.033
2,2-QAM,raw_label_srm,-0.285,-0.895353906273,0.2,0.25,0.954992586021,0.944060876286,1.54433889119,1.24433889119,1.84433889119,1.72477293584,0.352203998807,1,0.887669788314,0.887669788314,0.246443555099,4,1,8,0,0.117
2,2-QAM,raw_label_srm,-0.28,-0.879645943005,0.2,0.25,0.954992586021,0.944060876286,1.54433889119,1.24433889119,1.84433889119,1.7178766399,0.35227123599,1,0.887780206782,0.887780206782,0.246190456207,4,1,8,0,0.058
2,2-QAM,raw_label_srm,-0.275,-0.863937979737,0.2,0.25,0.954992586021,0.944060876286,1.54433889119,1.24433889119,1.84433889119,1.71114563607,0.352340467763,1,0.887887959582,0.887887959582,0.245934690671,4,1,8,0,0.095
2,2-QAM,raw_label_srm,-0.27,-0.848230016469,0.2,0.25,0.954992586021,0.944060876286,1.54433889119,1.24433889119,1.84433889119,1.70457742842,0.352411566944,1,0.887993069936,0.887993069936,0.245676733695,4,1,7,0,0.122
2,2-QAM,raw_label_srm,-0.265,-0.832522053201,0.2,0.25,0.954992586021,0.944060876286,1.54433889119,1.24433889119,1.84433889119,1.69815276244,0.352484408434,1,0.888097520993,0.888097520993,0.245413859916,4,1,7,0,0.052
2,2-QAM,raw_label_srm,-0.26,-0.816814089933,0.2,0.25,0.954992586021,0.944060876286,1.54433889119,1.24433889119,1.84433889119,1.69191982905,0.352558869472,1,0.88819544907,0.88819544907,0.245156097211,4,1,8,0,0.058
2,2-QAM,raw_label_srm,-0.255,-0.801106126665,0.2,0.25,0.954992586021,0.944060876286,1.54433889119,1.24433889119,1.84433889119,1.68582584431,0.352634829042,1,0.888292757914,0.888292757914,0.244894317127,4,1,8,0,0.228
2,2-QAM,raw_label_srm,-0.25,-0.785398163397,0.2,0.25,0.954992586021,0.944060876286,1.54433889119,1.24433889119,1.84433889119,1.67988546192,0.352712168383,1,0.888387504915,0.888387504915,0.244632143286,4,1,8,0,0.016
2,2-QAM,raw_label_srm,-0.245,-0.769690200129,0.2,0.25,0.954992586021,0.944060876286,1.54433889119,1.24433889119,1.84433889119,1.67409656148,0.352790770671,1,0.888479708332,0.888479708332,0.244369996413,4,1,8,0,0.022
2,2-QAM,raw_label_srm,-0.24,-0.753982236862,0.2,0.25,0.954992586021,0.944060876286,1.54433889119,1.24433889119,1.84433889119,1.66845708681,0.352870521016,1,0.888569386097,0.888569386097,0.244108284813,4,1,8,0,0.083
2,2-QAM,raw_label_srm,-0.235,-0.738274273594,0.2,0.25,0.954992586021,0.944060876286,1.54433889119,1.24433889119,1.84433889119,1.66296504271,0.352951306408,1,0.888656556002,0.888656556002,0.243847403994,4,1,8,0,0.142
2,2-QAM,raw_label_srm,-0.23,-0.722566310326,0.2,0.25,0.954992586021,0.944060876286,1.54433889119,1.24433889119,1.84433889119,1.65763378788,0.353033015664,1,0.88873942556,0.88873942556,0.243590798646,4,1,8,0,0.054
2,2-QAM,raw_label_srm,-0.225,-0.706858347058,0.2,0.25,0.954992586021,0.944060876286,1.54433889119,1.24433889119,1.84433889119,1.65243670247,0.353115539355,1,0.888820935327,0.888820935327,0.243333914939,4,1,8,0,0.096
2,2-QAM,raw_label_srm,-0.22,-0.69115038379,0.2,0.25,0.954992586021,0.944060876286,1.54433889119,1.24433889119,1.84433889119,1.64738088587,0.353198769734,1,0.888900049709,0.888900049709,0.243078880247,4,1,8,0,0.022
2,2-QAM,raw_label_srm,-0.215,-0.675442420522,0.2,0.25,0.954992586021,0.944060876286,1.54433889119,1.24433889119,1.84433889119,1.64246454007,0.353282600663,1,0.888976790296,0.888976790296,0.242826029709,4,1,8,0,0.070
2,2-QAM,raw_label_srm,-0.21,-0.659734457254,0.2,0.25,0.954992586021,0.944060876286,1.54433889119,1.24433889119,1.84433889119,1.63768592015,0.353366927539,1,0.889051178683,0.889051178683,0.242575685636,4,1,8,0,0.103
2,2-QAM,raw_label_srm,-0.205,-0.644026493986,0.2,0.25,0.954992586021,0.944060876286,1.54433889119,1.24433889119,1.84433889119,1.63304333213,0.353451647214,1,0.889123236574,0.889123236574,0.242328157453,4,1,8,0,0.052
2,2-QAM,raw_label_srm,-0.2,-0.628318530718,0.2,0.25,0.954992586021,0.944060876286,1.54433889119,1.24433889119,1.84433889119,1.62853513104,0.353536657914,1,0.889192985872,0.889192985872,0.242083741711,4,1,8,0,0.123
2,2-QAM,raw_label_srm,-0.195,-0.61261056745,0.2,0.25,0.954992586021,0.944060876286,1.54433889119,1.24433889119,1.84433889119,1.62415971919,0.353621859148,1,0.889260448757,0.889260448757,0.241842722116,4,1,8,0,0.062
2,2-QAM,raw_label_srm,-0.19,-0.596902604182,0.2,0.25,0.954992586021,0.944060876286,1.54433889119,1.24433889119,1.84433889119,1.61991219083,0.353707151625,1,0.889326050924,0.889326050924,0.241604663533,4,1,7,0,0.134
2,2-QAM,raw_label_srm,-0.185,-0.581194640914,0.2,0.25,0.954992586021,0.944060876286,1.54433889119,1.24433889119,1.84433889119,1.61581524135,0.353792437089,1,0.889386902593,0.889386902593,0.241374936024,4,1,7,0,0.026
2,2-QAM,raw_label_srm,-0.18,-0.565486677646,0.2,0.25,0.954992586021,0.944060876286,1.54433889119,1.24433889119,1.84433889119,1.61181491728,0.353877618541,1,0.889449346182,0.889449346182,0.241142686305,4,1,8,0,0.110
2,2-QAM,raw_label_srm,-0.175,-0.549778714378,0.2,0.25,0.954992586021,0.944060876286,1.54433889119,1.24433889119,1.84433889119,1.60795557595,0.353962599511,1,0.889507892811,0.889507892811,0.240917834577,4,1,8,0,0.063
2,2-QAM,raw_label_srm,-0.17,-0.53407075111,0.2,0.25,0.954992586021,0.944060876286,1.54433889119,1.24433889119,1.84433889119,1.60422169169,0.354047284569,1,0.889564269982,0.889564269982,0.240697608376,4,1,8,0,0.167
2,2-QAM,raw_label_srm,-0.165,-0.518362787842,0.2,0.25,0.954992586021,0.944060876286,1.54433889119,1.24433889119,1.84433889119,1.60061192072,0.354131578904,1,0.889618502525,0.889618502525,0.240482216846,4,1,8,0,0.070
2,2-QAM,raw_label_srm,-0.16,-0.502654824574,0.2,0.25,0.954992586021,0.944060876286,1.54433889119,1.24433889119,1.84433889119,1.59712495781,0.354215388269,1,0.889670615783,0.889670615783,0.240271857364,4,1,8,0,0.017
2,2-QAM,raw_label_srm,-0.155,-0.486946861306,0.2,0.25,0.954992586021,0.944060876286,1.54433889119,1.24433889119,1.84433889119,1.59375953549,0.35429861885,1,0.889720635601,0.889720635601,0.240066715786,4,1,8,0,0.068
2,2-QAM,raw_label_srm,-0.15,-0.471238898038,0.2,0.25,0.954992586021,0.944060876286,1.54433889119,1.24433889119,1.84433889119,1.59051442336,0.354381177137,1,0.889768588321,0.889768588321,0.23986696671,4,1,8,0,0.064
2,2-QAM,raw_label_srm,-0.145,-0.455530934771,0.2,0.25,0.954992586021,0.944060876286,1.54433889119,1.24433889119,1.84433889119,1.58738842743,0.354462969779,1,0.889814500763,0.889814500763,0.239672773744,4,1,8,0,0.116
2,2-QAM,raw_label_srm,-0.14,-0.439822971503,0.2,0.25,0.954992586021,0.944060876286,1.54433889119,1.24433889119,1.84433889119,1.58436745613,0.354543903293,1,0.889859979176,0.889859979176,0.239481438433,4,1,8,0,0.142
2,2-QAM,raw_label_srm,-0.135,-0.424115008235,0.2,0.25,0.954992586021,0.944060876286,1.54433889119,1.24433889119,1.84433889119,1.58152373757,0.354623884485,1,0.88989609082,0.88989609082,0.239309301865,4,1,8,0,0.010
2,2-QAM,raw_label_srm,-0.13,-0.408407044967,0.2,0.25,0.954992586021,0.944060876286,1.54433889119,1.24433889119,1.84433889119,1.57874560215,0.354702819366,1,0.889936370603,0.889936370603,0.239132085028,4,1,8,0,0.043
2,2-QAM,raw_label_srm,-0.125,-0.392699081699,0.2,0.25,0.954992586021,0.944060876286,1.54433889119,1.24433889119,1.84433889119,1.57608204309,0.354780613569,1,0.889974737073,0.889974737073,0.238960943248,4,1,8,0,0.069
2,2-QAM,raw_label_srm,-0.12,-0.376991118431,0.2,0.25,0.954992586021,0.944060876286,1.54433889119,1.24433889119,1.84433889119,1.57353206428,0.354857172005,1,0.890011216217,0.890011216217,0.238795994709,4,1,8,0,0.080
2,2-QAM,raw_label_srm,-0.115,-0.361283155163,0.2,0.25,0.954992586021,0.944060876286,1.54433889119,1.24433889119,1.84433889119,1.57109470326,0.354932398625,1,0.890045834317,0.890045834317,0.23863734842,4,1,8,0,0.013
2,2-QAM,raw_label_srm,-0.11,-0.345575191895,0.2,0.25,0.954992586021,0.944060876286,1.54433889119,1.24433889119,1.84433889119,1.56876903078,0.355006196158,1,0.890078617941,0.890078617941,0.238485104465,4,1,8,0,0.097
2,2-QAM,raw_label_srm,-0.105,-0.329867228627,0.2,0.25,0.954992586021,0.944060876286,1.54433889119,1.24433889119,1.84433889119,1.56655415044,0.355078465836,1,0.890109593919,0.890109593919,0.238339354259,4,1,8,0,0.032
2,2-QAM,raw_label_srm,-0.1,-0.314159265359,0.2,0.25,0.954992586021,0.944060876286,1.54433889119,1.24433889119,1.84433889119,1.56444919821,0.355149107072,1,0.890138789329,0.890138789329,0.238200180787,4,1,8,0,0.113
2,2-QAM,raw_label_srm,-0.095,-0.298451302091,0.2,0.25,0.954992586021,0.944060876286,1.54433889119,1.24433889119,1.84433889119,1.56245334208,0.355218017099,1,0.89016623148,0.89016623148,0.238067658835,4,1,8,0,0.125
2,2-QAM,raw_label_srm,-0.09,-0.282743338823,0.2,0.25,0.954992586021,0.944060876286,1.54433889119,1.24433889119,1.84433889119,1.5605657816,0.35528509057,1,0.890191947911,0.890191947911,0.237941855205,4,1,8,0,0.149
2,2-QAM,raw_label_srm,-0.085,-0.267035375555,0.2,0.25,0.954992586021,0.944060876286,1.54433889119,1.24433889119,1.84433889119,1.55878574746,0.355350219082,1,0.890215966378,0.890215966378,0.237822828918,4,1,8,0,0.079
2,2-QAM,raw_label_srm,-0.08,-0.251327412287,0.2,0.25,0.954992586021,0.944060876286,1.54433889119,1.24433889119,1.84433889119,1.55711250092,0.355413290633,1,0.890238314869,0.890238314869,0.23771063138,4,1,8,0,0.076
2,2-QAM,raw_label_srm,-0.075,-0.235619449019,0.2,0.25,0.954992586021,0.944060876286,1.54433889119,1.24433889119,1.84433889119,1.55554533331,0.355474188992,1,0.890259021616,0.890259021616,0.237605306533,4,1,8,0,0.079
2,2-QAM,raw_label_srm,-0.07,-0.219911485751,0.2,0.25,0.954992586021,0.944060876286,1.54433889119,1.24433889119,1.84433889119,1.55408356534,0.355532792938,1,0.890278115132,0.890278115132,0.237506890965,4,1,8,0,0.118
2,2-QAM,raw_label_srm,-0.065,-0.204203522483,0.2,0.25,0.954992586021,0.944060876286,1.54433889119,1.24433889119,1.84433889119,1.55272654625,0.355588975358,1,0.890295624255,0.890295624255,0.237415413979,4,1,8,0,0.103
2,2-QAM,raw_label_srm,-0.06,-0.188495559215,0.2,0.25,0.954992586021,0.944060876286,1.54433889119,1.24433889119,1.84433889119,1.55147365287,0.355642602152,1,0.890311578236,0.890311578236,0.237330897597,4,1,8,0,0.057
2,2-QAM,raw_label_srm,-0.055,-0.172787595947,0.2,0.25,0.954992586021,0.944060876286,1.54433889119,1.24433889119,1.84433889119,1.55032428834,0.355693530868,1,0.890326006838,0.890326006838,0.237253356512,4,1,8,0,0.033
2,2-QAM,raw_label_srm,-0.05,-0.157079632679,0.2,0.25,0.954992586021,0.944060876286,1.54433889119,1.24433889119,1.84433889119,1.54927788055,0.355741609002,1,0.890338940498,0.890338940498,0.237182797932,4,1,8,0,0.084
2,2-QAM,raw_label_srm,-0.045,-0.141371669412,0.2,0.25,0.954992586021,0.944060876286,1.54433889119,1.24433889119,1.84433889119,1.54833388012,0.355786671806,1,0.89035041054,0.89035041054,0.237119221312,4,1,8,0,0.256
2,2-QAM,raw_label_srm,-0.04,-0.125663706144,0.2,0.25,0.954992586021,0.944060876286,1.54433889119,1.24433889119,1.84433889119,1.54749175757,0.35582853941,1,0.890360449484,0.890360449484,0.2370626179,4,1,8,0,0.073
2,2-QAM,raw_label_srm,-0.035,-0.109955742876,0.2,0.25,0.954992586021,0.944060876286,1.54433889119,1.24433889119,1.84433889119,1.54675099964,0.355867012918,1,0.890369091473,0.890369091473,0.237012970057,4,1,8,0,0.082
2,2-QAM,raw_label_srm,-0.03,-0.0942477796077,0.2,0.25,0.954992586021,0.944060876286,1.54433889119,1.24433889119,1.84433889119,1.54611110387,0.355901868943,1,0.890376372914,0.890376372914,0.236970250169,4,1,8,0,0.010
2,2-QAM,raw_label_srm,-0.025,-0.0785398163397,0.2,0.25,0.954992586021,0.944060876286,1.54433889119,1.24433889119,1.84433889119,1.54557157072,0.355932851569,1,0.890382333427,0.890382333427,0.236934418981,4,1,8,0,0.223
2,2-QAM,raw_label_srm,-0.02,-0.0628318530718,0.2,0.25,0.954992586021,0.944060876286,1.54433889119,1.24433889119,1.84433889119,1.5451318912,0.355959659818,1,0.890387017356,0.890387017356,0.236905422873,4,1,8,0,0.100
2,2-QAM,raw_label_srm,-0.015,-0.0471238898038,0.2,0.25,0.954992586021,0.944060876286,1.54433889119,1.24433889119,1.84433889119,1.54479152557,0.355981926455,1,0.890390476389,0.890390476389,0.236883189074,4,1,8,0,0.158
2,2-QAM,raw_label_srm,-0.01,-0.0314159265359,0.2,0.25,0.954992586021,0.944060876286,1.54433889119,1.24433889119,1.84433889119,1.5445498628,0.355999177414,1,0.890392774574,0.890392774574,0.236867616398,4,1,8,0,0.029
2,2-QAM,raw_label_srm,-0.005,-0.0157079632679,0.2,0.25,0.954992586021,0.944060876286,1.54433889119,1.24433889119,1.84433889119,1.54440612413,0.356010736116,1,0.890394000279,0.890394000279,0.236858553056,4,1,8,0,0.095
2,2-QAM,raw_label_srm,0,0,0.2,0.25,0.954992586021,0.944060876286,1.54433889119,1.24433889119,1.84433889119,1.54433889119,0.356015334845,1,0.890396811911,0.890396811911,0.236851056148,4,1,8,0,0.041
2,2-QAM,raw_label_srm,0.005,0.0157079632679,0.2,0.25,0.954992586021,0.944060876286,1.54433889119,1.24433889119,1.84433889119,1.54440612412,0.356010736116,1,0.890394000281,0.890394000281,0.236858553052,4,1,8,0,0.065
2,2-QAM,raw_label_srm,0.01,0.0314159265359,0.2,0.25,0.954992586021,0.944060876286,1.54433889119,1.24433889119,1.84433889119,1.54454986281,0.355999177414,1,0.890392774573,0.890392774573,0.2368676164,4,1,8,0,0.010
2,2-QAM,raw_label_srm,0.015,0.0471238898038,0.2,0.25,0.954992586021,0.944060876286,1.54433889119,1.24433889119,1.84433889119,1.54479152557,0.355981926455,1,0.89039047639,0.89039047639,0.236883189073,4,1,8,0,0.093
2,2-QAM,raw_label_srm,0.02,0.0628318530718,0.2,0.25,0.954992586021,0.944060876286,1.54433889119,1.24433889119,1.84433889119,1.54513189121,0.355959659818,1,0.890387017355,0.890387017355,0.236905422876,4,1,8,0,0.014
2,2-QAM,raw_label_srm,0.025,0.0785398163397,0.2,0.25,0.954992586021,0.944060876286,1.54433889119,1.24433889119,1.84433889119,1.54557157071,0.355932851569,1,0.890382333428,0.890382333428,0.236934418979,4,1,8,0,0.041
2,2-QAM,raw_label_srm,0.03,0.0942477796077,0.2,0.25,0.954992586021,0.944060876286,1.54433889119,1.24433889119,1.84433889119,1.54611110386,0.355901868943,1,0.890376372915,0.890376372915,0.236970250166,4,1,8,0,0.053
2,2-QAM,raw_label_srm,0.035,0.109955742876,0.2,0.25,0.954992586021,0.944060876286,1.54433889119,1.24433889119,1.84433889119,1.54675099963,0.355867012918,1,0.890369091474,0.890369091474,0.237012970054,4,1,8,0,0.149
2,2-QAM,raw_label_srm,0.04,0.125663706144,0.2,0.25,0.954992586021,0.944060876286,1.54433889119,1.24433889119,1.84433889119,1.54749175757,0.35582853941,1,0.890360449484,0.890360449484,0.237062617901,4,1,8,0,0.303
2,2-QAM,raw_label_srm,0.045,0.141371669412,0.2,0.25,0.954992586021,0.944060876286,1.54433889119,1.24433889119,1.84433889119,1.54833388012,0.355786671806,1,0.890350410541,0.890350410541,0.237119221311,4,1,8,0,0.042
2,2-QAM,raw_label_srm,0.05,0.157079632679,0.2,0.25,0.954992586021,0.944060876286,1.54433889119,1.24433889119,1.84433889119,1.54927788055,0.355741609002,1,0.890338940499,0.890338940499,0.237182797931,4,1,8,0,0.123
2,2-QAM,raw_label_srm,0.055,0.172787595947,0.2,0.25,0.954992586021,0.944060876286,1.54433889119,1.24433889119,1.84433889119,1.55032428833,0.355693530868,1,0.890326006838,0.890326006838,0.237253356512,4,1,8,0,0.051
2,2-QAM,raw_label_srm,0.06,0.188495559215,0.2,0.25,0.954992586021,0.944060876286,1.54433889119,1.24433889119,1.84433889119,1.55147365287,0.355642602152,1,0.890311578237,0.890311578237,0.237330897596,4,1,8,0,0.037
2,2-QAM,raw_label_srm,0.065,0.204203522483,0.2,0.25,0.954992586021,0.944060876286,1.54433889119,1.24433889119,1.84433889119,1.55272654625,0.355588975358,1,0.890295624255,0.890295624255,0.237415413979,4,1,8,0,0.057
2,2-QAM,raw_label_srm,0.07,0.219911485751,0.2,0.25,0.954992586021,0.944060876286,1.54433889119,1.24433889119,1.84433889119,1.55408356534,0.355532792938,1,0.890278115132,0.890278115132,0.237506890965,4,1,8,0,0.045
2,2-QAM,raw_label_srm,0.075,0.235619449019,0.2,0.25,0.954992586021,0.944060876286,1.54433889119,1.24433889119,1.84433889119,1.55554533331,0.355474188992,1,0.890259021616,0.890259021616,0.237605306533,4,1,8,0,0.159
2,2-QAM,raw_label_srm,0.08,0.251327412287,0.2,0.25,0.954992586021,0.944060876286,1.54433889119,1.24433889119,1.84433889119,1.55711250092,0.355413290633,1,0.890238314869,0.890238314869,0.23771063138,4,1,8,0,0.055
2,2-QAM,raw_label_srm,0.085,0.267035375555,0.2,0.25,0.954992586021,0.944060876286,1.54433889119,1.24433889119,1.84433889119,1.55878574746,0.355350219082,1,0.890215966378,0.890215966378,0.237822828918,4,1,8,0,0.114
2,2-QAM,raw_label_srm,0.09,0.282743338823,0.2,0.25,0.954992586021,0.944060876286,1.54433889119,1.24433889119,1.84433889119,1.56056578161,0.35528509057,1,0.890191947911,0.890191947911,0.237941855205,4,1,8,0,0.050
2,2-QAM,raw_label_srm,0.095,0.298451302091,0.2,0.25,0.954992586021,0.944060876286,1.54433889119,1.24433889119,1.84433889119,1.56245334208,0.355218017099,1,0.89016623148,0.89016623148,0.238067658834,4,1,8,0,0.021
2,2-QAM,raw_label_srm,0.1,0.314159265359,0.2,0.25,0.954992586021,0.944060876286,1.54433889119,1.24433889119,1.84433889119,1.56444919821,0.355149107072,1,0.890138789329,0.890138789329,0.238200180787,4,1,8,0,0.168
2,2-QAM,raw_label_srm,0.105,0.329867228627,0.2,0.25,0.954992586021,0.944060876286,1.54433889119,1.24433889119,1.84433889119,1.56655415044,0.355078465836,1,0.890109593919,0.890109593919,0.238339354259,4,1,8,0,0.112
2,2-QAM,raw_label_srm,0.11,0.345575191895,0.2,0.25,0.954992586021,0.944060876286,1.54433889119,1.24433889119,1.84433889119,1.56876903078,0.355006196158,1,0.890078617941,0.890078617941,0.238485104465,4,1,8,0,0.039
2,2-QAM,raw_label_srm,0.115,0.361283155163,0.2,0.25,0.954992586021,0.944060876286,1.54433889119,1.24433889119,1.84433889119,1.57109470326,0.354932398625,1,0.890045834317,0.890045834317,0.23863734842,4,1,8,0,0.048
2,2-QAM,raw_label_srm,0.12,0.376991118431,0.2,0.25,0.954992586021,0.944060876286,1.54433889119,1.24433889119,1.84433889119,1.57353206428,0.354857172005,1,0.890011216217,0.890011216217,0.238795994709,4,1,8,0,0.069
2,2-QAM,raw_label_srm,0.125,0.392699081699,0.2,0.25,0.954992586021,0.944060876286,1.54433889119,1.24433889119,1.84433889119,1.57608204309,0.354780613569,1,0.889974737073,0.889974737073,0.238960943248,4,1,8,0,0.040
2,2-QAM,raw_label_srm,0.13,0.408407044967,0.2,0.25,0.954992586021,0.944060876286,1.54433889119,1.24433889119,1.84433889119,1.57874560215,0.354702819366,1,0.889936370603,0.889936370603,0.239132085028,4,1,8,0,0.086
2,2-QAM,raw_label_srm,0.135,0.424115008235,0.2,0.25,0.954992586021,0.944060876286,1.54433889119,1.24433889119,1.84433889119,1.58152373757,0.354623884485,1,0.88989609082,0.88989609082,0.239309301865,4,1,8,0,0.182
2,2-QAM,raw_label_srm,0.14,0.439822971503,0.2,0.25,0.954992586021,0.944060876286,1.54433889119,1.24433889119,1.84433889119,1.58436745613,0.354543903293,1,0.889859979176,0.889859979176,0.239481438433,4,1,8,0,0.084
2,2-QAM,raw_label_srm,0.145,0.455530934771,0.2,0.25,0.954992586021,0.944060876286,1.54433889119,1.24433889119,1.84433889119,1.58738842743,0.354462969779,1,0.889814500763,0.889814500763,0.239672773744,4,1,8,0,0.040
2,2-QAM,raw_label_srm,0.15,0.471238898038,0.2,0.25,0.954992586021,0.944060876286,1.54433889119,1.24433889119,1.84433889119,1.59051442336,0.354381177137,1,0.889768588321,0.889768588321,0.23986696671,4,1,8,0,0.017
2,2-QAM,raw_label_srm,0.155,0.486946861306,0.2,0.25,0.954992586021,0.944060876286,1.54433889119,1.24433889119,1.84433889119,1.59375953549,0.35429861885,1,0.889720635601,0.889720635601,0.240066715787,4,1,8,0,0.070
2,2-QAM,raw_label_srm,0.16,0.502654824574,0.2,0.25,0.954992586021,0.944060876286,1.54433889119,1.24433889119,1.84433889119,1.59712495781,0.354215388269,1,0.889670615783,0.889670615783,0.240271857364,4,1,8,0,0.017
2,2-QAM,raw_label_srm,0.165,0.518362787842,0.2,0.25,0.954992586021,0.944060876286,1.54433889119,1.24433889119,1.84433889119,1.60061192072,0.354131578904,1,0.889618502525,0.889618502525,0.240482216846,4,1,8,0,0.175
2,2-QAM,raw_label_srm,0.17,0.53407075111,0.2,0.25,0.954992586021,0.944060876286,1.54433889119,1.24433889119,1.84433889119,1.60422169169,0.354047284569,1,0.889564269982,0.889564269982,0.240697608376,4,1,8,0,0.037
2,2-QAM,raw_label_srm,0.175,0.549778714378,0.2,0.25,0.954992586021,0.944060876286,1.54433889119,1.24433889119,1.84433889119,1.60795557595,0.353962599511,1,0.889507892811,0.889507892811,0.240917834577,4,1,8,0,0.064
2,2-QAM,raw_label_srm,0.18,0.565486677646,0.2,0.25,0.954992586021,0.944060876286,1.54433889119,1.24433889119,1.84433889119,1.61181491728,0.353877618541,1,0.889449346183,0.889449346183,0.241142686305,4,1,8,0,0.043
2,2-QAM,raw_label_srm,0.185,0.581194640914,0.2,0.25,0.954992586021,0.944060876286,1.54433889119,1.24433889119,1.84433889119,1.61581524135,0.353792437089,1,0.889386902593,0.889386902593,0.241374936024,4,1,7,0,0.089
2,2-QAM,raw_label_srm,0.19,0.596902604182,0.2,0.25,0.954992586021,0.944060876286,1.54433889119,1.24433889119,1.84433889119,1.61991219083,0.353707151625,1,0.889326050924,0.889326050924,0.241604663533,4,1,7,0,0.119
2,2-QAM,raw_label_srm,0.195,0.61261056745,0.2,0.25,0.954992586021,0.944060876286,1.54433889119,1.24433889119,1.84433889119,1.62415971919,0.353621859148,1,0.889260448757,0.889260448757,0.241842722116,4,1,8,0,0.144
2,2-QAM,raw_label_srm,0.2,0.628318530718,0.2,0.25,0.954992586021,0.944060876286,1.54433889119,1.24433889119,1.84433889119,1.62853513104,0.353536657914,1,0.889192985872,0.889192985872,0.242083741711,4,1,8,0,0.048
2,2-QAM,raw_label_srm,0.205,0.644026493986,0.2,0.25,0.954992586021,0.944060876286,1.54433889119,1.24433889119,1.84433889119,1.63304333213,0.353451647214,1,0.889123236574,0.889123236574,0.242328157453,4,1,8,0,0.176
2,2-QAM,raw_label_srm,0.21,0.659734457254,0.2,0.25,0.954992586021,0.944060876286,1.54433889119,1.24433889119,1.84433889119,1.63768592015,0.353366927539,1,0.889051178683,0.889051178683,0.242575685636,4,1,8,0,0.032
2,2-QAM,raw_label_srm,0.215,0.675442420522,0.2,0.25,0.954992586021,0.944060876286,1.54433889119,1.24433889119,1.84433889119,1.64246454007,0.353282600663,1,0.888976790297,0.888976790297,0.242826029709,4,1,8,0,0.066
2,2-QAM,raw_label_srm,0.22,0.69115038379,0.2,0.25,0.954992586021,0.944060876286,1.54433889119,1.24433889119,1.84433889119,1.64738088587,0.353198769734,1,0.888900049709,0.888900049709,0.243078880247,4,1,8,0,0.071
2,2-QAM,raw_label_srm,0.225,0.706858347058,0.2,0.25,0.954992586021,0.944060876286,1.54433889119,1.24433889119,1.84433889119,1.65243670248,0.353115539355,1,0.888820935327,0.888820935327,0.24333391494,4,1,8,0,0.080
2,2-QAM,raw_label_srm,0.23,0.722566310326,0.2,0.25,0.954992586021,0.944060876286,1.54433889119,1.24433889119,1.84433889119,1.65763378789,0.353033015664,1,0.888739425559,0.888739425559,0.243590798646,4,1,8,0,0.118
2,2-QAM,raw_label_srm,0.235,0.738274273594,0.2,0.25,0.954992586021,0.944060876286,1.54433889119,1.24433889119,1.84433889119,1.6629650427,0.352951306408,1,0.888656556002,0.888656556002,0.243847403993,4,1,8,0,0.106
2,2-QAM,raw_label_srm,0.24,0.753982236862,0.2,0.25,0.954992586021,0.944060876286,1.54433889119,1.24433889119,1.84433889119,1.66845708681,0.352870521016,1,0.888569386097,0.888569386097,0.244108284813,4,1,8,0,0.073
2,2-QAM,raw_label_srm,0.245,0.769690200129,0.2,0.25,0.954992586021,0.944060876286,1.54433889119,1.24433889119,1.84433889119,1.67409656148,0.352790770671,1,0.888479708332,0.888479708332,0.244369996413,4,1,8,0,0.034
2,2-QAM,raw_label_srm,0.25,0.785398163397,0.2,0.25,0.954992586021,0.944060876286,1.54433889119,1.24433889119,1.84433889119,1.67988546192,0.352712168383,1,0.888387504915,0.888387504915,0.244632143285,4,1,8,0,0.040
2,2-QAM,raw_label_srm,0.255,0.801106126665,0.2,0.25,0.954992586021,0.944060876286,1.54433889119,1.24433889119,1.84433889119,1.68582584431,0.352634829042,1,0.888292757914,0.888292757914,0.244894317127,4,1,8,0,0.199
2,2-QAM,raw_label_srm,0.26,0.816814089933,0.2,0.25,0.954992586021,0.944060876286,1.54433889119,1.24433889119,1.84433889119,1.69191982905,0.352558869472,1,0.88819544907,0.88819544907,0.245156097211,4,1,8,0,0.087
2,2-QAM,raw_label_srm,0.265,0.832522053201,0.2,0.25,0.954992586021,0.944060876286,1.54433889119,1.24433889119,1.84433889119,1.69815276244,0.352484408434,1,0.888097520993,0.888097520993,0.245413859916,4,1,7,0,0.190
2,2-QAM,raw_label_srm,0.27,0.848230016469,0.2,0.25,0.954992586021,0.944060876286,1.54433889119,1.24433889119,1.84433889119,1.70457742841,0.352411566944,1,0.887993069936,0.887993069936,0.245676733694,4,1,7,0,0.103
2,2-QAM,raw_label_srm,0.275,0.863937979737,0.2,0.25,0.954992586021,0.944060876286,1.54433889119,1.24433889119,1.84433889119,1.71114563607,0.352340467763,1,0.887887959582,0.887887959582,0.245934690672,4,1,8,0,0.059
2,2-QAM,raw_label_srm,0.28,0.879645943005,0.2,0.25,0.954992586021,0.944060876286,1.54433889119,1.24433889119,1.84433889119,1.7178766399,0.35227123599,1,0.887780206782,0.887780206782,0.246190456207,4,1,8,0,0.067
2,2-QAM,raw_label_srm,0.285,0.895353906273,0.2,0.25,0.954992586021,0.944060876286,1.54433889119,1.24433889119,1.84433889119,1.72477293585,0.352203998807,1,0.887669788314,0.887669788314,0.246443555099,4,1,8,0,0.172
2,2-QAM,raw_label_srm,0.29,0.911061869541,0.2,0.25,0.954992586021,0.944060876286,1.54433889119,1.24433889119,1.84433889119,1.73188713298,0.352138885731,1,0.887550927773,0.887550927773,0.246702553695,4,1,8,0,0.044
2,2-QAM,raw_label_srm,0.295,0.926769832809,0.2,0.25,0.954992586021,0.944060876286,1.54433889119,1.24433889119,1.84433889119,1.73912185541,0.352076028266,1,0.887435116688,0.887435116688,0.246948769868,4,1,8,0,0.199
2,2-QAM,raw_label_srm,0.3,0.942477796077,0.2,0.25,0.954992586021,0.944060876286,1.54433889119,1.24433889119,1.84433889119,1.74653701751,0.352015560041,1,0.887315745247,0.887315745247,0.247192104443,4,1,8,0,0.198
4,4-QAM,raw_label_srm,-0.3,-0.942477796077,0.2,0.25,0.954992586021,0.944060876286,1.60875398183,1.30875398183,1.90875398183,1.47570376105,0.353813809702,1,0.78924486015,0.78924486015,0.137925754788,16,1,8,0,0.186
4,4-QAM,raw_label_srm,-0.295,-0.926769832809,0.2,0.25,0.954992586021,0.944060876286,1.60875398183,1.30875398183,1.90875398183,1.48063639041,0.357393481618,1,0.787127245702,0.787127245702,0.148044202888,16,1,8,0,0.305
4,4-QAM,raw_label_srm,-0.29,-0.911061869541,0.2,0.25,0.954992586021,0.944060876286,1.60875398183,1.30875398183,1.90875398183,1.4857271698,0.361019743233,1,0.784976201892,0.784976201892,0.158689560492,16,1,8,0,0.359
4,4-QAM,raw_label_srm,-0.285,-0.895353906273,0.2,0.25,0.954992586021,0.944060876286,1.60875398183,1.30875398183,1.90875398183,1.49096806274,0.364692023452,1,0.782793790649,0.782793790649,0.169844853014,16,1,8,0,0.177
4,4-QAM,raw_label_srm,-0.28,-0.879645943005,0.2,0.25,0.954992586021,0.944060876286,1.60875398183,1.30875398183,1.90875398183,1.49632471327,0.368409489225,1,0.780588698913,0.780588698913,0.181462960422,16,1,8,0,0.320
4,4-QAM,raw_label_srm,-0.275,-0.863937979737,0.2,0.25,0.954992586021,0.944060876286,1.60875398183,1.30875398183,1.90875398183,1.50182116321,0.372170990293,1,0.778355025127,0.778355025127,0.193554193413,16,1,8,0,0.310
4,4-QAM,raw_label_srm,-0.27,-0.848230016469,0.2,0.25,0.954992586021,0.944060876286,1.60875398183,1.30875398183,1.90875398183,1.50742810504,0.375974999291,1,0.776100236699,0.776100236699,0.204370414036,16,1,8,0,0.392
4,4-QAM,raw_label_srm,-0.265,-0.832522053201,0.2,0.25,0.954992586021,0.944060876286,1.60875398183,1.30875398183,1.90875398183,1.51312484973,0.379819549827,1,0.773829696209,0.773829696209,0.214432178009,16,1,8,0,0.093
4,4-QAM,raw_label_srm,-0.26,-0.816814089933,0.2,0.25,0.954992586021,0.944060876286,1.60875398183,1.30875398183,1.90875398183,1.51888682753,0.383702175511,1,0.771549793684,0.771549793684,0.224437380274,16,1,8,0,0.288
4,4-QAM,raw_label_srm,-0.255,-0.801106126665,0.2,0.25,0.954992586021,0.944060876286,1.60875398183,1.30875398183,1.90875398183,1.52468561498,0.387619854098,1,0.769267948576,0.769267948576,0.234367625426,16,1,8,0,0.244
4,4-QAM,raw_label_srm,-0.25,-0.785398163397,0.2,0.25,0.954992586021,0.944060876286,1.60875398183,1.30875398183,1.90875398183,1.53048919813,0.391568961595,1,0.766992551241,0.766992551241,0.244203328605,16,1,8,0,0.086
4,4-QAM,raw_label_srm,-0.245,-0.769690200129,0.2,0.25,0.954992586021,0.944060876286,1.60875398183,1.30875398183,1.90875398183,1.53626251055,0.39554524162,1,0.764732833269,0.764732833269,0.253924064898,16,1,7,0,0.347
4,4-QAM,raw_label_srm,-0.24,-0.753982236862,0.2,0.25,0.954992586021,0.944060876286,1.60875398183,1.30875398183,1.90875398183,1.54194641663,0.399543794981,1,0.762504290698,0.762504290698,0.263505863185,16,1,7,0,0.388
4,4-QAM,raw_label_srm,-0.235,-0.738274273594,0.2,0.25,0.954992586021,0.944060876286,1.60875398183,1.30875398183,1.90875398183,1.54756801895,0.403559094893,1,0.7603002657,0.7603002657,0.27293764003,16,1,8,0,0.376
4,4-QAM,raw_label_srm,-0.23,-0.722566310326,0.2,0.25,0.954992586021,0.944060876286,1.60875398183,1.30875398183,1.90875398183,1.55302352647,0.407585026925,1,0.758147899069,0.758147899069,0.282190074211,16,1,8,0,0.384
4,4-QAM,raw_label_srm,-0.225,-0.706858347058,0.2,0.25,0.954992586021,0.944060876286,1.60875398183,1.30875398183,1.90875398183,1.55829808381,0.411614959745,1,0.756051483641,0.756051483641,0.291247964195,16,1,8,0,0.257
4,4-QAM,raw_label_srm,-0.22,-0.69115038379,0.2,0.25,0.954992586021,0.944060876286,1.60875398183,1.30875398183,1.90875398183,1.56336142938,0.415641838308,1,0.754019335827,0.754019335827,0.300095402392,16,1,8,0,0.343
4,4-QAM,raw_label_srm,-0.215,-0.675442420522,0.2,0.25,0.954992586021,0.944060876286,1.60875398183,1.30875398183,1.90875398183,1.56817801649,0.41965829801,1,0.752061211367,0.752061211367,0.308717557958,16,1,8,0,0.346
4,4-QAM,raw_label_srm,-0.21,-0.659734457254,0.2,0.25,0.954992586021,0.944060876286,1.60875398183,1.30875398183,1.90875398183,1.57272570794,0.423656791011,1,0.750183434188,0.750183434188,0.317103485397,16,1,8,0,0.314
4,4-QAM,raw_label_srm,-0.205,-0.644026493986,0.2,0.25,0.954992586021,0.944060876286,1.60875398183,1.30875398183,1.90875398183,1.5769858213,0.427629717024,1,0.748391469776,0.748391469776,0.325244730851,16,1,8,0,0.375
4,4-QAM,raw_label_srm,-0.2,-0.628318530718,0.2,0.25,0.954992586021,0.944060876286,1.60875398183,1.30875398183,1.90875398183,1.58094576238,0.431569549896,1,0.746689225559,0.746689225559,0.333135619878,16,1,8,0,0.352
4,4-QAM,raw_label_srm,-0.195,-0.61261056745,0.2,0.25,0.954992586021,0.944060876286,1.60875398183,1.30875398183,1.90875398183,1.58459892142,0.435468952871,1,0.745079061883,0.745079061883,0.340773063479,16,1,8,0,0.373
4,4-QAM,raw_label_srm,-0.19,-0.596902604182,0.2,0.25,0.954992586021,0.944060876286,1.60875398183,1.30875398183,1.90875398183,1.58794426659,0.439320877065,1,0.74356188228,0.74356188228,0.348156259906,16,1,8,0,0.384
4,4-QAM,raw_label_srm,-0.185,-0.581194640914,0.2,0.25,0.954992586021,0.944060876286,1.60875398183,1.30875398183,1.90875398183,1.5909857151,0.443118639982,1,0.742137283209,0.742137283209,0.35241040725,16,1,8,0,0.258
4,4-QAM,raw_label_srm,-0.18,-0.565486677646,0.2,0.25,0.954992586021,0.944060876286,1.60875398183,1.30875398183,1.90875398183,1.59373136881,0.446855982955,1,0.740803741261,0.740803741261,0.354413794568,16,1,8,0,0.283
4,4-QAM,raw_label_srm,-0.175,-0.549778714378,0.2,0.25,0.954992586021,0.944060876286,1.60875398183,1.30875398183,1.90875398183,1.59619269588,0.450527108262,1,0.739558817098,0.739558817098,0.356450347325,16,1,8,0,0.371
4,4-QAM,raw_label_srm,-0.17,-0.53407075111,0.2,0.25,0.954992586021,0.944060876286,1.60875398183,1.30875398183,1.90875398183,1.59838372407,0.454126697925,1,0.738399358988,0.738399358988,0.35851612189,16,1,8,0,0.298
4,4-QAM,raw_label_srm,-0.165,-0.518362787842,0.2,0.25,0.954992586021,0.944060876286,1.60875398183,1.30875398183,1.90875398183,1.60032029398,0.45764991698,1,0.737321693329,0.737321693329,0.360606022006,16,1,8,0,0.448
4,4-QAM,raw_label_srm,-0.16,-0.502654824574,0.2,0.25,0.954992586021,0.944060876286,1.60875398183,1.30875398183,1.90875398183,1.60201940094,0.461092404295,1,0.73632179429,0.73632179429,0.362714084633,16,1,8,0,0.405
4,4-QAM,raw_label_srm,-0.155,-0.486946861306,0.2,0.25,0.954992586021,0.944060876286,1.60875398183,1.30875398183,1.90875398183,1.60349863992,0.464450253977,1,0.735395428457,0.735395428457,0.364833739355,16,1,8,0,0.419
4,4-QAM,raw_label_srm,-0.15,-0.471238898038,0.2,0.25,0.954992586021,0.944060876286,1.60875398183,1.30875398183,1.90875398183,1.60477575461,0.467719990131,1,0.734538273804,0.734538273804,0.366958034347,16,1,8,0,0.391
4,4-QAM,raw_label_srm,-0.145,-0.455530934771,0.2,0.25,0.954992586021,0.944060876286,1.60875398183,1.30875398183,1.90875398183,1.60586820178,0.470898537306,1,0.733746036362,0.733746036362,0.369079839102,16,1,9,0,0.075
4,4-QAM,raw_label_srm,-0.14,-0.439822971503,0.2,0.25,0.954992586021,0.944060876286,1.60875398183,1.30875398183,1.90875398183,1.60679315701,0.473983188567,1,0.73301444998,0.73301444998,0.371191957658,16,1,9,0,0.639
4,4-QAM,raw_label_srm,-0.135,-0.424115008235,0.2,0.25,0.954992586021,0.944060876286,1.60875398183,1.30875398183,1.90875398183,1.60756702564,0.476971572671,1,0.732339409567,0.732339409567,0.373287297223,16,1,9,0,0.335
4,4-QAM,raw_label_srm,-0.13,-0.408407044967,0.2,0.25,0.954992586021,0.944060876286,1.60875398183,1.30875398183,1.90875398183,1.60820542248,0.479861621457,1,0.731716979537,0.731716979537,0.37535894517,16,1,9,0,0.098
4,4-QAM,raw_label_srm,-0.125,-0.392699081699,0.2,0.25,0.954992586021,0.944060876286,1.60875398183,1.30875398183,1.90875398183,1.6087121414,0.482651538208,1,0.731146368828,0.731146368828,0.377401848655,16,1,9,0,0.477
4,4-QAM,raw_label_srm,-0.12,-0.376991118431,0.2,0.25,0.954992586021,0.944060876286,1.60875398183,1.30875398183,1.90875398183,1.6091226736,0.485339767639,1,0.730618212947,0.730618212947,0.379406441158,16,1,9,0,0.301
4,4-QAM,raw_label_srm,-0.115,-0.361283155163,0.2,0.25,0.954992586021,0.944060876286,1.60875398183,1.30875398183,1.90875398183,1.60943924823,0.487924967532,1,0.730132069184,0.730132069184,0.381368277389,16,1,8,0,0.401
4,4-QAM,raw_label_srm,-0.11,-0.345575191895,0.2,0.25,0.954992586021,0.944060876286,1.60875398183,1.30875398183,1.90875398183,1.60967390691,0.490405982554,1,0.729684824671,0.729684824671,0.383281669055,16,1,8,0,0.355
4,4-QAM,raw_label_srm,-0.105,-0.329867228627,0.2,0.25,0.954992586021,0.944060876286,1.60875398183,1.30875398183,1.90875398183,1.60983764483,0.492781820028,1,0.729273622286,0.729273622286,0.385141310126,16,1,8,0,0.256
4,4-QAM,raw_label_srm,-0.1,-0.314159265359,0.2,0.25,0.954992586021,0.944060876286,1.60875398183,1.30875398183,1.90875398183,1.60994071873,0.495051627637,1,0.728895780758,0.728895780758,0.386942238866,16,1,8,0,0.614
4,4-QAM,raw_label_srm,-0.095,-0.298451302091,0.2,0.25,0.954992586021,0.944060876286,1.60875398183,1.30875398183,1.90875398183,1.60999273434,0.497214672008,1,0.72854877388,0.72854877388,0.388679827663,16,1,8,0,0.337
4,4-QAM,raw_label_srm,-0.09,-0.282743338823,0.2,0.25,0.954992586021,0.944060876286,1.60875398183,1.30875398183,1.90875398183,1.61000149334,0.499270324649,1,0.728230545752,0.728230545752,0.390349938697,16,1,8,0,0.466
4,4-QAM,raw_label_srm,-0.085,-0.267035375555,0.2,0.25,0.954992586021,0.944060876286,1.60875398183,1.30875398183,1.90875398183,1.60997494641,0.501218047269,1,0.727938984575,0.727938984575,0.391948647297,16,1,8,0,0.267
4,4-QAM,raw_label_srm,-0.08,-0.251327412287,0.2,0.25,0.954992586021,0.944060876286,1.60875398183,1.30875398183,1.90875398183,1.60992026155,0.503057370946,1,0.727672177067,0.727672177067,0.393472364897,16,1,8,0,0.348
4,4-QAM,raw_label_srm,-0.075,-0.235619449019,0.2,0.25,0.954992586021,0.944060876286,1.60875398183,1.30875398183,1.90875398183,1.60984386487,0.504787884291,1,0.727428399637,0.727428399637,0.394917823766,16,1,8,0,0.251
4,4-QAM,raw_label_srm,-0.07,-0.219911485751,0.2,0.25,0.954992586021,0.944060876286,1.60875398183,1.30875398183,1.90875398183,1.609751522,0.506409221794,1,0.727206098246,0.727206098246,0.396282055591,16,1,8,0,0.557
4,4-QAM,raw_label_srm,-0.065,-0.204203522483,0.2,0.25,0.954992586021,0.944060876286,1.60875398183,1.30875398183,1.90875398183,1.60964838183,0.507921053201,1,0.727003878327,0.727003878327,0.397562374923,16,1,8,0,0.800
4,4-QAM,raw_label_srm,-0.06,-0.188495559215,0.2,0.25,0.954992586021,0.944060876286,1.60875398183,1.30875398183,1.90875398183,1.60953901249,0.509323073939,1,0.726820496521,0.726820496521,0.398756363562,16,1,8,0,0.186
4,4-QAM,raw_label_srm,-0.055,-0.172787595947,0.2,0.25,0.954992586021,0.944060876286,1.60875398183,1.30875398183,1.90875398183,1.60942743284,0.51061499647,1,0.726654853532,0.726654853532,0.399861855767,16,1,8,0,0.331
4,4-QAM,raw_label_srm,-0.05,-0.157079632679,0.2,0.25,0.954992586021,0.944060876286,1.60875398183,1.30875398183,1.90875398183,1.60931713889,0.511796542439,1,0.726505988131,0.726505988131,0.400876924468,16,1,8,0,0.167
4,4-QAM,raw_label_srm,-0.045,-0.141371669412,0.2,0.25,0.954992586021,0.944060876286,1.60875398183,1.30875398183,1.90875398183,1.60921116505,0.512867435449,1,0.726373061558,0.726373061558,0.401799863607,16,1,9,0,0.129
4,4-QAM,raw_label_srm,-0.04,-0.125663706144,0.2,0.25,0.954992586021,0.944060876286,1.60875398183,1.30875398183,1.90875398183,1.60911201654,0.513827394242,1,0.726255376823,0.726255376823,0.402629187618,16,1,9,0,0.081
4,4-QAM,raw_label_srm,-0.035,-0.109955742876,0.2,0.25,0.954992586021,0.944060876286,1.60875398183,1.30875398183,1.90875398183,1.60902176269,0.514676125996,1,0.726152354125,0.726152354125,0.403363611024,16,1,9,0,0.429
4,4-QAM,raw_label_srm,-0.03,-0.0942477796077,0.2,0.25,0.954992586021,0.944060876286,1.60875398183,1.30875398183,1.90875398183,1.60894204908,0.515413319295,1,0.726063528199,0.726063528199,0.40400203935,16,1,9,0,0.411
4,4-QAM,raw_label_srm,-0.025,-0.0785398163397,0.2,0.25,0.954992586021,0.944060876286,1.60875398183,1.30875398183,1.90875398183,1.60887409969,0.516038636061,1,0.725988548286,0.725988548286,0.404543562157,16,1,9,0,0.519
4,4-QAM,raw_label_srm,-0.02,-0.0628318530718,0.2,0.25,0.954992586021,0.944060876286,1.60875398183,1.30875398183,1.90875398183,1.6088187224,0.516551701171,1,0.725927177104,0.725927177104,0.404987446558,16,1,9,0,0.543
4,4-QAM,raw_label_srm,-0.015,-0.0471238898038,0.2,0.25,0.954992586021,0.944060876286,1.60875398183,1.30875398183,1.90875398183,1.60877630835,0.516952086934,1,0.725879291369,0.725879291369,0.405333132463,16,1,9,0,0.078
4,4-QAM,raw_label_srm,-0.01,-0.0314159265359,0.2,0.25,0.954992586021,0.944060876286,1.60875398183,1.30875398183,1.90875398183,1.60875398183,0.517239284922,1,0.7258429333,0.7258429333,0.405579336187,16,1,9,0,0.271
4,4-QAM,raw_label_srm,-0.005,-0.0157079632679,0.2,0.25,0.954992586021,0.944060876286,1.60875398183,1.30875398183,1.90875398183,1.60872988944,0.517412637251,1,0.725824044169,0.725824044169,0.405728505607,16,1,9,0,0.276
4,4-QAM,raw_label_srm,0,0,0.2,0.25,0.954992586021,0.944060876286,1.60875398183,1.30875398183,1.90875398183,1.60872463855,0.517471036451,1,0.725816993075,0.725816993075,0.405777900407,16,1,9,0,0.319
4,4-QAM,raw_label_srm,0.005,0.0157079632679,0.2,0.25,0.954992586021,0.944060876286,1.60875398183,1.30875398183,1.90875398183,1.60872988945,0.517412637251,1,0.725824039929,0.725824039929,0.405728505606,16,1,9,0,0.402
4,4-QAM,raw_label_srm,0.01,0.0314159265359,0.2,0.25,0.954992586021,0.944060876286,1.60875398183,1.30875398183,1.90875398183,1.60875398183,0.517239284922,1,0.725842899385,0.725842899385,0.405579336187,16,1,9,0,0.637
4,4-QAM,raw_label_srm,0.015,0.0471238898038,0.2,0.25,0.954992586021,0.944060876286,1.60875398183,1.30875398183,1.90875398183,1.60877630832,0.516952086934,1,0.725879176922,0.725879176922,0.405333132468,16,1,9,0,0.351
4,4-QAM,raw_label_srm,0.02,0.0628318530718,0.2,0.25,0.954992586021,0.944060876286,1.60875398183,1.30875398183,1.90875398183,1.60881872239,0.516551701171,1,0.725926905818,0.725926905818,0.404987446559,16,1,9,0,0.285
4,4-QAM,raw_label_srm,0.025,0.0785398163397,0.2,0.25,0.954992586021,0.944060876286,1.60875398183,1.30875398183,1.90875398183,1.60887409969,0.516038636061,1,0.725988018471,0.725988018471,0.404543562158,16,1,9,0,0.450
4,4-QAM,raw_label_srm,0.03,0.0942477796077,0.2,0.25,0.954992586021,0.944060876286,1.60875398183,1.30875398183,1.90875398183,1.60894204903,0.515413319295,1,0.726062612773,0.726062612773,0.404002039357,16,1,9,0,0.463
4,4-QAM,raw_label_srm,0.035,0.109955742876,0.2,0.25,0.954992586021,0.944060876286,1.60875398183,1.30875398183,1.90875398183,1.60902176271,0.514676125996,1,0.726150900585,0.726150900585,0.403363611022,16,1,9,0,0.295
4,4-QAM,raw_label_srm,0.04,0.125663706144,0.2,0.25,0.954992586021,0.944060876286,1.60875398183,1.30875398183,1.90875398183,1.60911201656,0.513827394242,1,0.726253207363,0.726253207363,0.402629187616,16,1,9,0,0.802
4,4-QAM,raw_label_srm,0.045,0.141371669412,0.2,0.25,0.954992586021,0.944060876286,1.60875398183,1.30875398183,1.90875398183,1.60921116504,0.512867435449,1,0.726369973026,0.726369973026,0.401799863608,16,1,9,0,0.363
4,4-QAM,raw_label_srm,0.05,0.157079632679,0.2,0.25,0.954992586021,0.944060876286,1.60875398183,1.30875398183,1.90875398183,1.60931713895,0.511796542439,1,0.726501752043,0.726501752043,0.400876924461,16,1,8,0,0.154
4,4-QAM,raw_label_srm,0.055,0.172787595947,0.2,0.25,0.954992586021,0.944060876286,1.60875398183,1.30875398183,1.90875398183,1.60942743282,0.51061499647,1,0.726649216192,0.726649216192,0.39986185577,16,1,8,0,0.187
4,4-QAM,raw_label_srm,0.06,0.188495559215,0.2,0.25,0.954992586021,0.944060876286,1.60875398183,1.30875398183,1.90875398183,1.60953901247,0.509323073939,1,0.726813178947,0.726813178947,0.398756363565,16,1,8,0,0.782
4,4-QAM,raw_label_srm,0.065,0.204203522483,0.2,0.25,0.954992586021,0.944060876286,1.60875398183,1.30875398183,1.90875398183,1.60964838181,0.507921053201,1,0.726994576377,0.726994576377,0.397562374925,16,1,8,0,0.482
4,4-QAM,raw_label_srm,0.07,0.219911485751,0.2,0.25,0.954992586021,0.944060876286,1.60875398183,1.30875398183,1.90875398183,1.60975152203,0.506409221794,1,0.727194482642,0.727194482642,0.396282055588,16,1,8,0,0.618
4,4-QAM,raw_label_srm,0.075,0.235619449019,0.2,0.25,0.954992586021,0.944060876286,1.60875398183,1.30875398183,1.90875398183,1.60984386488,0.504787884291,1,0.727414116075,0.727414116075,0.394917823763,16,1,8,0,0.210
4,4-QAM,raw_label_srm,0.08,0.251327412287,0.2,0.25,0.954992586021,0.944060876286,1.60875398183,1.30875398183,1.90875398183,1.60992026152,0.503057370946,1,0.72765484628,0.72765484628,0.393472364902,16,1,8,0,0.243
4,4-QAM,raw_label_srm,0.085,0.267035375555,0.2,0.25,0.954992586021,0.944060876286,1.60875398183,1.30875398183,1.90875398183,1.6099749464,0.501218047269,1,0.727918202406,0.727918202406,0.391948647298,16,1,8,0,0.236
4,4-QAM,raw_label_srm,0.09,0.282743338823,0.2,0.25,0.954992586021,0.944060876286,1.60875398183,1.30875398183,1.90875398183,1.61000149336,0.499270324649,1,0.72820588335,0.72820588335,0.390349938695,16,1,8,0,0.363
4,4-QAM,raw_label_srm,0.095,0.298451302091,0.2,0.25,0.954992586021,0.944060876286,1.60875398183,1.30875398183,1.90875398183,1.60999273437,0.497214672008,1,0.728519777852,0.728519777852,0.388679827659,16,1,8,0,0.160
4,4-QAM,raw_label_srm,0.1,0.314159265359,0.2,0.25,0.954992586021,0.944060876286,1.60875398183,1.30875398183,1.90875398183,1.60994071875,0.495051627637,1,0.728861973377,0.728861973377,0.386942238863,16,1,8,0,0.190
4,4-QAM,raw_label_srm,0.105,0.329867228627,0.2,0.25,0.954992586021,0.944060876286,1.60875398183,1.30875398183,1.90875398183,1.60983764484,0.492781820028,1,0.729234501692,0.729234501692,0.385141310125,16,1,8,0,0.159
4,4-QAM,raw_label_srm,0.11,0.345575191895,0.2,0.25,0.954992586021,0.944060876286,1.60875398183,1.30875398183,1.90875398183,1.60967390691,0.490405982554,1,0.729639865236,0.729639865236,0.383281669054,16,1,8,0,0.149
4,4-QAM,raw_label_srm,0.115,0.361283155163,0.2,0.25,0.954992586021,0.944060876286,1.60875398183,1.30875398183,1.90875398183,1.60943924822,0.487924967532,1,0.730080721899,0.730080721899,0.381368277391,16,1,8,0,0.208
4,4-QAM,raw_label_srm,0.12,0.376991118431,0.2,0.25,0.954992586021,0.944060876286,1.60875398183,1.30875398183,1.90875398183,1.60912267355,0.485339767639,1,0.73055990589,0.73055990589,0.379406441164,16,1,9,0,0.474
4,4-QAM,raw_label_srm,0.125,0.392699081699,0.2,0.25,0.954992586021,0.944060876286,1.60875398183,1.30875398183,1.90875398183,1.60871214145,0.482651538208,1,0.731080507734,0.731080507734,0.377401848648,16,1,9,0,0.250
4,4-QAM,raw_label_srm,0.13,0.408407044967,0.2,0.25,0.954992586021,0.944060876286,1.60875398183,1.30875398183,1.90875398183,1.60820542247,0.479861621457,1,0.731642947457,0.731642947457,0.375358945172,16,1,9,0,0.399
4,4-QAM,raw_label_srm,0.135,0.424115008235,0.2,0.25,0.954992586021,0.944060876286,1.60875398183,1.30875398183,1.90875398183,1.6075670256,0.476971572671,1,0.732256571087,0.732256571087,0.373287297229,16,1,9,0,0.246
4,4-QAM,raw_label_srm,0.14,0.439822971503,0.2,0.25,0.954992586021,0.944060876286,1.60875398183,1.30875398183,1.90875398183,1.60679315702,0.473983188567,1,0.732922149026,0.732922149026,0.371191957657,16,1,9,0,0.438
4,4-QAM,raw_label_srm,0.145,0.455530934771,0.2,0.25,0.954992586021,0.944060876286,1.60875398183,1.30875398183,1.90875398183,1.60586820178,0.470898537306,1,0.73364359868,0.73364359868,0.369079839103,16,1,9,0,0.179
4,4-QAM,raw_label_srm,0.15,0.471238898038,0.2,0.25,0.954992586021,0.944060876286,1.60875398183,1.30875398183,1.90875398183,1.60477575466,0.467719990131,1,0.734425008542,0.734425008542,0.366958034339,16,1,8,0,0.355
4,4-QAM,raw_label_srm,0.155,0.486946861306,0.2,0.25,0.954992586021,0.944060876286,1.60875398183,1.30875398183,1.90875398183,1.60349863995,0.464450253977,1,0.73527063026,0.73527063026,0.364833739351,16,1,8,0,0.480
4,4-QAM,raw_label_srm,0.16,0.502654824574,0.2,0.25,0.954992586021,0.944060876286,1.60875398183,1.30875398183,1.90875398183,1.60201940096,0.461092404294,1,0.736184745613,0.736184745613,0.36271408463,16,1,8,0,0.367
4,4-QAM,raw_label_srm,0.165,0.518362787842,0.2,0.25,0.954992586021,0.944060876286,1.60875398183,1.30875398183,1.90875398183,1.60032029399,0.45764991698,1,0.737171667354,0.737171667354,0.360606022006,16,1,8,0,0.154
4,4-QAM,raw_label_srm,0.17,0.53407075111,0.2,0.25,0.954992586021,0.944060876286,1.60875398183,1.30875398183,1.90875398183,1.59838372407,0.454126697925,1,0.738235623006,0.738235623006,0.35851612189,16,1,8,0,0.263
4,4-QAM,raw_label_srm,0.175,0.549778714378,0.2,0.25,0.954992586021,0.944060876286,1.60875398183,1.30875398183,1.90875398183,1.59619269587,0.450527108262,1,0.739380636488,0.739380636488,0.356450347327,16,1,8,0,0.289
4,4-QAM,raw_label_srm,0.18,0.565486677646,0.2,0.25,0.954992586021,0.944060876286,1.60875398183,1.30875398183,1.90875398183,1.59373136881,0.446855982955,1,0.74061038401,0.74061038401,0.354413794568,16,1,8,0,0.356
4,4-QAM,raw_label_srm,0.185,0.581194640914,0.2,0.25,0.954992586021,0.944060876286,1.60875398183,1.30875398183,1.90875398183,1.59098571509,0.443118639982,1,0.741928025056,0.741928025056,0.352410407251,16,1,8,0,0.630
4,4-QAM,raw_label_srm,0.19,0.596902604182,0.2,0.25,0.954992586021,0.944060876286,1.60875398183,1.30875398183,1.90875398183,1.58794426659,0.439320877065,1,0.743336012341,0.743336012341,0.348156259906,16,1,8,0,0.412
4,4-QAM,raw_label_srm,0.195,0.61261056745,0.2,0.25,0.954992586021,0.944060876286,1.60875398183,1.30875398183,1.90875398183,1.58459892141,0.435468952871,1,0.744835888708,0.744835888708,0.340773063478,16,1,8,0,0.407
4,4-QAM,raw_label_srm,0.2,0.628318530718,0.2,0.25,0.954992586021,0.944060876286,1.60875398183,1.30875398183,1.90875398183,1.58094576238,0.431569549896,1,0.746428083398,0.746428083398,0.333135619878,16,1,8,0,0.134
4,4-QAM,raw_label_srm,0.205,0.644026493986,0.2,0.25,0.954992586021,0.944060876286,1.60875398183,1.30875398183,1.90875398183,1.5769858213,0.427629717024,1,0.748111724829,0.748111724829,0.325244730851,16,1,8,0,0.497
4,4-QAM,raw_label_srm,0.21,0.659734457254,0.2,0.25,0.954992586021,0.944060876286,1.60875398183,1.30875398183,1.90875398183,1.57272570795,0.423656791011,1,0.749884490504,0.749884490504,0.317103485398,16,1,8,0,0.179
4,4-QAM,raw_label_srm,0.215,0.675442420522,0.2,0.25,0.954992586021,0.944060876286,1.60875398183,1.30875398183,1.90875398183,1.56817801649,0.41965829801,1,0.751742516063,0.751742516063,0.308717557958,16,1,8,0,0.535
4,4-QAM,raw_label_srm,0.22,0.69115038379,0.2,0.25,0.954992586021,0.944060876286,1.60875398183,1.30875398183,1.90875398183,1.56336142938,0.415641838308,1,0.753680383238,0.753680383238,0.300095402392,16,1,8,0,0.266
4,4-QAM,raw_label_srm,0.225,0.706858347058,0.2,0.25,0.954992586021,0.944060876286,1.60875398183,1.30875398183,1.90875398183,1.55829808381,0.411614959745,1,0.755691819552,0.755691819552,0.291247964195,16,1,8,0,0.117
4,4-QAM,raw_label_srm,0.23,0.722566310326,0.2,0.25,0.954992586021,0.944060876286,1.60875398183,1.30875398183,1.90875398183,1.55302352648,0.407585026925,1,0.75776711712,0.75776711712,0.282190074211,16,1,8,0,0.314
4,4-QAM,raw_label_srm,0.235,0.738274273594,0.2,0.25,0.954992586021,0.944060876286,1.60875398183,1.30875398183,1.90875398183,1.54756801895,0.403559094893,1,0.759898012437,0.759898012437,0.27293764003,16,1,8,0,0.224
4,4-QAM,raw_label_srm,0.24,0.753982236862,0.2,0.25,0.954992586021,0.944060876286,1.60875398183,1.30875398183,1.90875398183,1.54194641663,0.399543794981,1,0.762080278086,0.762080278086,0.263505863185,16,1,7,0,0.511
4,4-QAM,raw_label_srm,0.245,0.769690200129,0.2,0.25,0.954992586021,0.944060876286,1.60875398183,1.30875398183,1.90875398183,1.53626251056,0.39554524162,1,0.764286769932,0.764286769932,0.253924064899,16,1,7,0,0.058
4,4-QAM,raw_label_srm,0.25,0.785398163397,0.2,0.25,0.954992586021,0.944060876286,1.60875398183,1.30875398183,1.90875398183,1.53048919813,0.391568961595,1,0.76652423634,0.76652423634,0.244203328604,16,1,8,0,0.396
4,4-QAM,raw_label_srm,0.255,0.801106126665,0.2,0.25,0.954992586021,0.944060876286,1.60875398183,1.30875398183,1.90875398183,1.52468561498,0.387619854098,1,0.76877720133,0.76877720133,0.234367625427,16,1,8,0,0.524
4,4-QAM,raw_label_srm,0.26,0.816814089933,0.2,0.25,0.954992586021,0.944060876286,1.60875398183,1.30875398183,1.90875398183,1.51888682753,0.383702175511,1,0.77103646448,0.77103646448,0.224437380274,16,1,8,0,0.204
4,4-QAM,raw_label_srm,0.265,0.832522053201,0.2,0.25,0.954992586021,0.944060876286,1.60875398183,1.30875398183,1.90875398183,1.51312484973,0.379819549827,1,0.773293661393,0.773293661393,0.214432178009,16,1,8,0,0.099
4,4-QAM,raw_label_srm,0.27,0.848230016469,0.2,0.25,0.954992586021,0.944060876286,1.60875398183,1.30875398183,1.90875398183,1.50742810505,0.375974999291,1,0.775541393705,0.775541393705,0.204370414037,16,1,8,0,0.261
4,4-QAM,raw_label_srm,0.275,0.863937979737,0.2,0.25,0.954992586021,0.944060876286,1.60875398183,1.30875398183,1.90875398183,1.5018211632,0.372170990293,1,0.777773288141,0.777773288141,0.193554193408,16,1,8,0,0.297
4,4-QAM,raw_label_srm,0.28,0.879645943005,0.2,0.25,0.954992586021,0.944060876286,1.60875398183,1.30875398183,1.90875398183,1.49632471324,0.368409489225,1,0.779983995138,0.779983995138,0.181462960383,16,1,8,0,0.210
4,4-QAM,raw_label_srm,0.285,0.895353906273,0.2,0.25,0.954992586021,0.944060876286,1.60875398183,1.30875398183,1.90875398183,1.49096806273,0.364692023452,1,0.782166040761,0.782166040761,0.169844853004,16,1,8,0,0.265
4,4-QAM,raw_label_srm,0.29,0.911061869541,0.2,0.25,0.954992586021,0.944060876286,1.60875398183,1.30875398183,1.90875398183,1.4857271698,0.361019743233,1,0.784325384079,0.784325384079,0.158689560499,16,1,8,0,0.175
4,4-QAM,raw_label_srm,0.295,0.926769832809,0.2,0.25,0.954992586021,0.944060876286,1.60875398183,1.30875398183,1.90875398183,1.48063639041,0.357393481618,1,0.786453313864,0.786453313864,0.148044202892,16,1,8,0,0.180
4,4-QAM,raw_label_srm,0.3,0.942477796077,0.2,0.25,0.954992586021,0.944060876286,1.60875398183,1.30875398183,1.90875398183,1.47570376105,0.353813809702,1,0.788547772187,0.788547772187,0.137925754791,16,1,8,0,0.187
8,8-QAM,raw_label_srm,-0.3,-0.942477796077,0.2,0.25,0.954992586021,0.944060876286,1.54820049879,1.24820049879,1.84820049879,1.38812421405,0.373224552372,0.999999999999,0.555367152901,0.5553671529,0.174460134519,64,1,7,0,3.234
8,8-QAM,raw_label_srm,-0.295,-0.926769832809,0.2,0.25,0.954992586021,0.944060876286,1.54820049879,1.24820049879,1.84820049879,1.38791621848,0.372498491928,1,0.554258883799,0.554258883799,0.173190507883,64,1,7,0,3.299
8,8-QAM,raw_label_srm,-0.29,-0.911061869541,0.2,0.25,0.954992586021,0.944060876286,1.54820049879,1.24820049879,1.84820049879,1.38792304952,0.371784239945,1,0.553080294076,0.553080294076,0.172185209865,64,1,7,0,3.146
8,8-QAM,raw_label_srm,-0.285,-0.895353906273,0.2,0.25,0.954992586021,0.944060876286,1.54820049879,1.24820049879,1.84820049879,1.38813199397,0.371082755011,1,0.551836741762,0.551836741762,0.171427633483,64,1,7,0,3.184
8,8-QAM,raw_label_srm,-0.28,-0.879645943005,0.2,0.25,0.954992586021,0.944060876286,1.54820049879,1.24820049879,1.84820049879,1.38854059559,0.370395064015,0.999999999999,0.550529271682,0.550529271682,0.170914036288,64,1,7,0,3.204
8,8-QAM,raw_label_srm,-0.275,-0.863937979737,0.2,0.25,0.954992586021,0.944060876286,1.54820049879,1.24820049879,1.84820049879,1.38919719842,0.369722261904,0.999999999999,0.549137440152,0.549137440151,0.170702690102,64,1,7,0,3.157
8,8-QAM,raw_label_srm,-0.27,-0.848230016469,0.2,0.25,0.954992586021,0.944060876286,1.54820049879,1.24820049879,1.84820049879,1.39007626043,0.369065510453,0.999999999999,0.547672135428,0.547672135428,0.170761466702,64,1,7,0,3.136
8,8-QAM,raw_label_srm,-0.265,-0.832522053201,0.2,0.25,0.954992586021,0.944060876286,1.54820049879,1.24820049879,1.84820049879,1.39119394337,0.368426036464,1,0.546126621131,0.546126621131,0.171109192837,64,1,8,0,3.408
8,8-QAM,raw_label_srm,-0.26,-0.816814089933,0.2,0.25,0.954992586021,0.944060876286,1.54820049879,1.24820049879,1.84820049879,1.39256527433,0.367805126246,1,0.544494689999,0.544494689999,0.171763105818,64,1,8,0,3.080
8,8-QAM,raw_label_srm,-0.255,-0.801106126665,0.2,0.25,0.954992586021,0.944060876286,1.54820049879,1.24820049879,1.84820049879,1.39419632108,0.367204120382,1,0.542773980596,0.542773980596,0.172176177795,64,1,8,0,3.062
8,8-QAM,raw_label_srm,-0.25,-0.785398163397,0.2,0.25,0.954992586021,0.944060876286,1.54820049879,1.24820049879,1.84820049879,1.39609364553,0.366624404705,1,0.540961978078,0.540961978078,0.17259351393,64,1,8,0,3.127
8,8-QAM,raw_label_srm,-0.245,-0.769690200129,0.2,0.25,0.954992586021,0.944060876286,1.54820049879,1.24820049879,1.84820049879,1.39826178674,0.366067397632,1,0.539057081683,0.539057081682,0.173346977303,64,1,8,0,3.126
8,8-QAM,raw_label_srm,-0.24,-0.753982236862,0.2,0.25,0.954992586021,0.944060876286,1.54820049879,1.24820049879,1.84820049879,1.40070323834,0.365534534852,1,0.537058613999,0.537058613999,0.174441603747,64,1,8,0,3.101
8,8-QAM,raw_label_srm,-0.235,-0.738274273594,0.2,0.25,0.954992586021,0.944060876286,1.54820049879,1.24820049879,1.84820049879,1.4034173588,0.365027249901,1,0.534967277487,0.534967277487,0.175879111895,64,1,8,0,3.131
8,8-QAM,raw_label_srm,-0.23,-0.722566310326,0.2,0.25,0.954992586021,0.944060876286,1.54820049879,1.24820049879,1.84820049879,1.40635037389,0.364546950735,1,0.532806169226,0.532806169226,0.177606018104,64,1,8,0,3.010
8,8-QAM,raw_label_srm,-0.225,-0.706858347058,0.2,0.25,0.954992586021,0.944060876286,1.54820049879,1.24820049879,1.84820049879,1.40959659776,0.364094994393,1,0.530536130085,0.530536130085,0.179721794767,64,1,8,0,3.045
8,8-QAM,raw_label_srm,-0.22,-0.69115038379,0.2,0.25,0.954992586021,0.944060876286,1.54820049879,1.24820049879,1.84820049879,1.41309862219,0.363672660543,1,0.528181893584,0.528181893584,0.182168584597,64,1,8,0,3.120
8,8-QAM,raw_label_srm,-0.215,-0.675442420522,0.2,0.25,0.954992586021,0.944060876286,1.54820049879,1.24820049879,1.84820049879,1.41684607037,0.363281121028,1,0.525748409131,0.525748409131,0.184936621098,64,1,8,0,3.091
8,8-QAM,raw_label_srm,-0.21,-0.659734457254,0.2,0.25,0.954992586021,0.944060876286,1.54820049879,1.24820049879,1.84820049879,1.42082076115,0.362921406728,1,0.523243896647,0.523243896647,0.1880074212,64,1,8,0,3.075
8,8-QAM,raw_label_srm,-0.205,-0.644026493986,0.2,0.25,0.954992586021,0.944060876286,1.54820049879,1.24820049879,1.84820049879,1.42500231609,0.362594367316,1,0.52067746911,0.52067746911,0.191359543134,64,1,8,0,3.113
8,8-QAM,raw_label_srm,-0.2,-0.628318530718,0.2,0.25,0.954992586021,0.944060876286,1.54820049879,1.24820049879,1.84820049879,1.42937095172,0.362300634772,1,0.518057951166,0.518057951166,0.194971479441,64,1,9,0,3.318
8,8-QAM,raw_label_srm,-0.195,-0.61261056745,0.2,0.25,0.954992586021,0.944060876286,1.54820049879,1.24820049879,1.84820049879,1.43389832809,0.36204058705,1,0.515397664986,0.515397664986,0.198812150191,64,1,9,0,3.272
8,8-QAM,raw_label_srm,-0.19,-0.596902604182,0.2,0.25,0.954992586021,0.944060876286,1.54820049879,1.24820049879,1.84820049879,1.43855360142,0.361814316201,1,0.512709872699,0.512709872699,0.202847277613,64,1,9,0,3.292
8,8-QAM,raw_label_srm,-0.185,-0.581194640914,0.2,0.25,0.954992586021,0.944060876286,1.54820049879,1.24820049879,1.84820049879,1.44331052528,0.361621605841,1,0.510005822103,0.510005822103,0.207046879736,64,1,9,0,3.398
8,8-QAM,raw_label_srm,-0.18,-0.565486677646,0.2,0.25,0.954992586021,0.944060876286,1.54820049879,1.24820049879,1.84820049879,1.4481315134,0.361461919382,1,0.507301315675,0.507301315675,0.21136884548,64,1,8,0,2.884
8,8-QAM,raw_label_srm,-0.175,-0.549778714378,0.2,0.25,0.954992586021,0.944060876286,1.54820049879,1.24820049879,1.84820049879,1.45293034881,0.361334397992,1,0.50463193213,0.50463193213,0.215720656598,64,1,8,0,2.957
8,8-QAM,raw_label_srm,-0.17,-0.53407075111,0.2,0.25,0.954992586021,0.944060876286,1.54820049879,1.24820049879,1.84820049879,1.45777178561,0.361237866315,1,0.501971102681,0.501971102681,0.220165985991,64,1,8,0,3.040
8,8-QAM,raw_label_srm,-0.165,-0.518362787842,0.2,0.25,0.954992586021,0.944060876286,1.54820049879,1.24820049879,1.84820049879,1.46258660839,0.361170867856,1,0.499347184624,0.499347184624,0.224629833988,64,1,8,0,3.129
8,8-QAM,raw_label_srm,-0.16,-0.502654824574,0.2,0.25,0.954992586021,0.944060876286,1.54820049879,1.24820049879,1.84820049879,1.46737532994,0.361131768729,1,0.496759848247,0.496759848247,0.229109269171,64,1,8,0,2.973
8,8-QAM,raw_label_srm,-0.155,-0.486946861306,0.2,0.25,0.954992586021,0.944060876286,1.54820049879,1.24820049879,1.84820049879,1.47212496082,0.361118723809,1,0.49421423064,0.49421423064,0.233587422592,64,1,7,0,2.661
8,8-QAM,raw_label_srm,-0.15,-0.471238898038,0.2,0.25,0.954992586021,0.944060876286,1.54820049879,1.24820049879,1.84820049879,1.47678108366,0.361129689453,1,0.491732147196,0.491732147195,0.238005434834,64,1,7,0,2.574
8,8-QAM,raw_label_srm,-0.145,-0.455530934771,0.2,0.25,0.954992586021,0.944060876286,1.54820049879,1.24820049879,1.84820049879,1.48138894242,0.361162547942,1,0.489294971769,0.489294971769,0.242406064422,64,1,8,0,2.946
8,8-QAM,raw_label_srm,-0.14,-0.439822971503,0.2,0.25,0.954992586021,0.944060876286,1.54820049879,1.24820049879,1.84820049879,1.48593349443,0.361215099445,1,0.486908514757,0.486908514757,0.246770531165,64,1,8,0,2.977
8,8-QAM,raw_label_srm,-0.135,-0.424115008235,0.2,0.25,0.954992586021,0.944060876286,1.54820049879,1.24820049879,1.84820049879,1.49038652997,0.36128502835,1,0.484583786054,0.484583786054,0.251067104904,64,1,8,0,2.898
8,8-QAM,raw_label_srm,-0.13,-0.408407044967,0.2,0.25,0.954992586021,0.944060876286,1.54820049879,1.24820049879,1.84820049879,1.49473160276,0.361369946387,1,0.482326957546,0.482326957546,0.254711058396,64,1,8,0,3.047
8,8-QAM,raw_label_srm,-0.125,-0.392699081699,0.2,0.25,0.954992586021,0.944060876286,1.54820049879,1.24820049879,1.84820049879,1.49895439965,0.361467427311,1,0.480143272327,0.480143272327,0.253744282079,64,1,8,0,2.983
8,8-QAM,raw_label_srm,-0.12,-0.376991118431,0.2,0.25,0.954992586021,0.944060876286,1.54820049879,1.24820049879,1.84820049879,1.50304226564,0.36157503692,1,0.478037249545,0.478037249545,0.252858430383,64,1,8,0,2.960
8,8-QAM,raw_label_srm,-0.115,-0.361283155163,0.2,0.25,0.954992586021,0.944060876286,1.54820049879,1.24820049879,1.84820049879,1.50698379299,0.361690359099,1,0.476012860918,0.476012860918,0.252052332519,64,1,9,0,3.261
8,8-QAM,raw_label_srm,-0.11,-0.345575191895,0.2,0.25,0.954992586021,0.944060876286,1.54820049879,1.24820049879,1.84820049879,1.51076962847,0.361811018744,1,0.474073223162,0.474073223162,0.251323678389,64,1,9,0,3.256
8,8-QAM,raw_label_srm,-0.105,-0.329867228627,0.2,0.25,0.954992586021,0.944060876286,1.54820049879,1.24820049879,1.84820049879,1.51439052704,0.361934701691,1,0.472221381189,0.472221381189,0.250669580495,64,1,8,0,2.919
8,8-QAM,raw_label_srm,-0.1,-0.314159265359,0.2,0.25,0.954992586021,0.944060876286,1.54820049879,1.24820049879,1.84820049879,1.5178401364,0.362059171381,1,0.470459218403,0.470459218403,0.250086076918,64,1,8,0,3.007
8,8-QAM,raw_label_srm,-0.095,-0.298451302091,0.2,0.25,0.954992586021,0.944060876286,1.54820049879,1.24820049879,1.84820049879,1.52106272666,0.362182282541,1,0.468807990633,0.468807990633,0.249578648167,64,1,8,0,3.109
8,8-QAM,raw_label_srm,-0.09,-0.282743338823,0.2,0.25,0.954992586021,0.944060876286,1.54820049879,1.24820049879,1.84820049879,1.52415406222,0.362301991615,1,0.46722945246,0.46722945246,0.249122258356,64,1,8,0,2.942
8,8-QAM,raw_label_srm,-0.085,-0.267035375555,0.2,0.25,0.954992586021,0.944060876286,1.54820049879,1.24820049879,1.84820049879,1.52706103871,0.362416364787,1,0.465743886974,0.465743886974,0.248721983554,64,1,8,0,3.117
8,8-QAM,raw_label_srm,-0.08,-0.251327412287,0.2,0.25,0.954992586021,0.944060876286,1.54820049879,1.24820049879,1.84820049879,1.52978164896,0.362523583358,1,0.46435149604,0.46435149604,0.248372437697,64,1,8,0,3.045
8,8-QAM,raw_label_srm,-0.075,-0.235619449019,0.2,0.25,0.954992586021,0.944060876286,1.54820049879,1.24820049879,1.84820049879,1.53231481612,0.362621946943,1,0.463052142516,0.463052142516,0.248068173807,64,1,8,0,3.047
8,8-QAM,raw_label_srm,-0.07,-0.219911485751,0.2,0.25,0.954992586021,0.944060876286,1.54820049879,1.24820049879,1.84820049879,1.53466023851,0.362709874843,1,0.461845416501,0.461845416501,0.247803793109,64,1,8,0,2.991
8,8-QAM,raw_label_srm,-0.065,-0.204203522483,0.2,0.25,0.954992586021,0.944060876286,1.54820049879,1.24820049879,1.84820049879,1.53681822684,0.362785905926,1,0.460730703178,0.460730703178,0.247574039384,64,1,8,0,3.010
8,8-QAM,raw_label_srm,-0.06,-0.188495559215,0.2,0.25,0.954992586021,0.944060876286,1.54820049879,1.24820049879,1.84820049879,1.53878954633,0.362848697347,1,0.459707247443,0.459707247443,0.247373877144,64,1,8,0,2.918
8,8-QAM,raw_label_srm,-0.055,-0.172787595947,0.2,0.25,0.954992586021,0.944060876286,1.54820049879,1.24820049879,1.84820049879,1.54057525715,0.362897022425,1,0.458774218073,0.458774218073,0.247198556103,64,1,8,0,3.061
8,8-QAM,raw_label_srm,-0.05,-0.157079632679,0.2,0.25,0.954992586021,0.944060876286,1.54820049879,1.24820049879,1.84820049879,1.54217657889,0.362929767962,1,0.457930761681,0.457930761681,0.247024084062,64,1,8,0,3.036
8,8-QAM,raw_label_srm,-0.045,-0.141371669412,0.2,0.25,0.954992586021,0.944060876286,1.54820049879,1.24820049879,1.84820049879,1.54359474613,0.362945931284,1,0.457176059348,0.457176059348,0.246801349803,64,1,9,0,3.271
8,8-QAM,raw_label_srm,-0.04,-0.125663706144,0.2,0.25,0.954992586021,0.944060876286,1.54820049879,1.24820049879,1.84820049879,1.54483094666,0.362944617221,1,0.456509350861,0.456509350861,0.246602101258,64,1,9,0,3.270
8,8-QAM,raw_label_srm,-0.035,-0.109955742876,0.2,0.25,0.954992586021,0.944060876286,1.54820049879,1.24820049879,1.84820049879,1.54588632717,0.36292503521,1,0.455929932641,0.455929932641,0.246423078072,64,1,9,0,3.260
8,8-QAM,raw_label_srm,-0.03,-0.0942477796077,0.2,0.25,0.954992586021,0.944060876286,1.54820049879,1.24820049879,1.84820049879,1.54676121084,0.362886496655,1,0.45543745923,0.45543745923,0.246261560564,64,1,9,0,3.156
8,8-QAM,raw_label_srm,-0.025,-0.0785398163397,0.2,0.25,0.954992586021,0.944060876286,1.54820049879,1.24820049879,1.84820049879,1.54748880287,0.362828412626,1,0.45501896361,0.45501896361,0.246109766872,64,1,9,0,3.213
8,8-QAM,raw_label_srm,-0.02,-0.0628318530718,0.2,0.25,0.954992586021,0.944060876286,1.54820049879,1.24820049879,1.84820049879,1.54800492215,0.362750292168,1,0.454699023831,0.454699023831,0.245976562303,64,1,9,0,3.223
8,8-QAM,raw_label_srm,-0.015,-0.0471238898038,0.2,0.25,0.954992586021,0.944060876286,1.54820049879,1.24820049879,1.84820049879,1.54833942477,0.362651740709,1,0.45446603818,0.45446603818,0.245855461207,64,1,9,0,3.265
8,8-QAM,raw_label_srm,-0.01,-0.0314159265359,0.2,0.25,0.954992586021,0.944060876286,1.54820049879,1.24820049879,1.84820049879,1.54849097583,0.362532459064,1,0.454320462221,0.454320462221,0.245745648096,64,1,9,0,3.259
8,8-QAM,raw_label_srm,-0.005,-0.0157079632679,0.2,0.25,0.954992586021,0.944060876286,1.54820049879,1.24820049879,1.84820049879,1.54845758721,0.362392242188,1,0.454263045268,0.454263045268,0.245646841973,64,1,9,0,3.162
8,8-QAM,raw_label_srm,0,0,0.2,0.25,0.954992586021,0.944060876286,1.54820049879,1.24820049879,1.84820049879,1.54820049879,0.36223097054,1,0.45430874073,0.45430874073,0.245565179882,64,1,9,0,3.252
8,8-QAM,raw_label_srm,0.005,0.0157079632679,0.2,0.25,0.954992586021,0.944060876286,1.54820049879,1.24820049879,1.84820049879,1.54782467188,0.362048620646,1,0.454417201522,0.454417201522,0.245483897363,64,1,9,0,3.240
8,8-QAM,raw_label_srm,0.01,0.0314159265359,0.2,0.25,0.954992586021,0.944060876286,1.54820049879,1.24820049879,1.84820049879,1.5472199119,0.361845540255,1,0.45463098205,0.45463098205,0.245421676574,64,1,9,0,3.310
8,8-QAM,raw_label_srm,0.015,0.0471238898038,0.2,0.25,0.954992586021,0.944060876286,1.54820049879,1.24820049879,1.84820049879,1.54638075325,0.361622182326,1,0.45495238309,0.45495238309,0.245380847124,64,1,9,0,3.250
8,8-QAM,raw_label_srm,0.02,0.0628318530718,0.2,0.25,0.954992586021,0.944060876286,1.54820049879,1.24820049879,1.84820049879,1.54538303732,0.361379100552,1,0.455352372375,0.455352372375,0.24535058873,64,1,9,0,3.459
8,8-QAM,raw_label_srm,0.025,0.0785398163397,0.2,0.25,0.954992586021,0.944060876286,1.54820049879,1.24820049879,1.84820049879,1.54418394584,0.361116964477,1,0.455847724341,0.455847724341,0.245340248714,64,1,8,0,3.313
8,8-QAM,raw_label_srm,0.03,0.0942477796077,0.2,0.25,0.954992586021,0.944060876286,1.54820049879,1.24820049879,1.84820049879,1.54277906048,0.360836566707,1,0.4564404644,0.4564404644,0.245353387355,64,1,8,0,3.209
8,8-QAM,raw_label_srm,0.035,0.109955742876,0.2,0.25,0.954992586021,0.944060876286,1.54820049879,1.24820049879,1.84820049879,1.54116380033,0.36053883,1,0.45713273793,0.45713273793,0.245345330784,64,1,8,0,3.189
8,8-QAM,raw_label_srm,0.04,0.125663706144,0.2,0.25,0.954992586021,0.944060876286,1.54820049879,1.24820049879,1.84820049879,1.53933338388,0.360224814433,1,0.457926827457,0.457926827457,0.245308636173,64,1,8,0,3.232
8,8-QAM,raw_label_srm,0.045,0.141371669412,0.2,0.25,0.954992586021,0.944060876286,1.54820049879,1.24820049879,1.84820049879,1.53728289214,0.359895724736,1,0.458825130667,0.458825130667,0.245296733847,64,1,8,0,3.232
8,8-QAM,raw_label_srm,0.05,0.157079632679,0.2,0.25,0.954992586021,0.944060876286,1.54820049879,1.24820049879,1.84820049879,1.53500741005,0.359552917652,1,0.459830107582,0.459830107582,0.24531540171,64,1,8,0,3.200
8,8-QAM,raw_label_srm,0.055,0.172787595947,0.2,0.25,0.954992586021,0.944060876286,1.54820049879,1.24820049879,1.84820049879,1.53255221241,0.359197909225,1,0.46092468313,0.46092468313,0.245362995692,64,1,8,0,3.177
8,8-QAM,raw_label_srm,0.06,0.188495559215,0.2,0.25,0.954992586021,0.944060876286,1.54820049879,1.24820049879,1.84820049879,1.52981285155,0.358832381517,1,0.462150275607,0.462150275607,0.24546213571,64,1,8,0,2.982
8,8-QAM,raw_label_srm,0.065,0.204203522483,0.2,0.25,0.954992586021,0.944060876286,1.54820049879,1.24820049879,1.84820049879,1.52683548184,0.358458188794,1,0.463489638467,0.463489638467,0.24561255067,64,1,8,0,3.105
8,8-QAM,raw_label_srm,0.07,0.219911485751,0.2,0.25,0.954992586021,0.944060876286,1.54820049879,1.24820049879,1.84820049879,1.52361696486,0.358077362461,1,0.464944797345,0.464944797345,0.245822078148,64,1,8,0,3.035
8,8-QAM,raw_label_srm,0.075,0.235619449019,0.2,0.25,0.954992586021,0.944060876286,1.54820049879,1.24820049879,1.84820049879,1.52015511237,0.35769211439,1,0.466517464512,0.466517464512,0.24609885071,64,1,8,0,3.100
8,8-QAM,raw_label_srm,0.08,0.251327412287,0.2,0.25,0.954992586021,0.944060876286,1.54820049879,1.24820049879,1.84820049879,1.51644885799,0.357304838144,1,0.46820896473,0.46820896473,0.246451159381,64,1,8,0,3.210
8,8-QAM,raw_label_srm,0.085,0.267035375555,0.2,0.25,0.954992586021,0.944060876286,1.54820049879,1.24820049879,1.84820049879,1.51249842183,0.356918107568,1,0.470020161576,0.470020161576,0.246887289043,64,1,8,0,3.077
8,8-QAM,raw_label_srm,0.09,0.282743338823,0.2,0.25,0.954992586021,0.944060876286,1.54820049879,1.24820049879,1.84820049879,1.50830543802,0.356534672236,1,0.471951396016,0.471951396016,0.24741533252,64,1,8,0,3.007
8,8-QAM,raw_label_srm,0.095,0.298451302091,0.2,0.25,0.954992586021,0.944060876286,1.54820049879,1.24820049879,1.84820049879,1.50387422538,0.356157449275,1,0.47400196635,0.47400196635,0.248042719305,64,1,8,0,3.032
8,8-QAM,raw_label_srm,0.1,0.314159265359,0.2,0.25,0.954992586021,0.944060876286,1.54820049879,1.24820049879,1.84820049879,1.49920652904,0.355789511095,1,0.476172212336,0.476172212336,0.248777200337,64,1,8,0,2.967
8,8-QAM,raw_label_srm,0.105,0.329867228627,0.2,0.25,0.954992586021,0.944060876286,1.54820049879,1.24820049879,1.84820049879,1.49431054262,0.355434068459,1,0.478459900405,0.478459900405,0.249624609354,64,1,7,0,2.631
8,8-QAM,raw_label_srm,0.11,0.345575191895,0.2,0.25,0.954992586021,0.944060876286,1.54820049879,1.24820049879,1.84820049879,1.48919420399,0.355094448519,1,0.480862877847,0.480862877847,0.2448255489,64,1,7,0,2.647
8,8-QAM,raw_label_srm,0.115,0.361283155163,0.2,0.25,0.954992586021,0.944060876286,1.54820049879,1.24820049879,1.84820049879,1.48386741956,0.35477406702,1,0.483378167234,0.483378167234,0.23923130805,64,1,8,0,2.979
8,8-QAM,raw_label_srm,0.12,0.376991118431,0.2,0.25,0.954992586021,0.944060876286,1.54820049879,1.24820049879,1.84820049879,1.47834343598,0.354476393312,1,0.486001387995,0.486001387995,0.233440598076,64,1,7,0,2.696
8,8-QAM,raw_label_srm,0.125,0.392699081699,0.2,0.25,0.954992586021,0.944060876286,1.54820049879,1.24820049879,1.84820049879,1.47264127586,0.354204897923,1,0.488725731101,0.488725731101,0.227477307578,64,1,8,0,2.961
8,8-QAM,raw_label_srm,0.13,0.408407044967,0.2,0.25,0.954992586021,0.944060876286,1.54820049879,1.24820049879,1.84820049879,1.46673742134,0.353963062669,1,0.491561693711,0.491561693711,0.221321326974,64,1,8,0,2.990
8,8-QAM,raw_label_srm,0.135,0.424115008235,0.2,0.25,0.954992586021,0.944060876286,1.54820049879,1.24820049879,1.84820049879,1.4606270317,0.353754445812,1,0.494512243081,0.494512243081,0.214972372694,64,1,8,0,2.993
8,8-QAM,raw_label_srm,0.14,0.439822971503,0.2,0.25,0.954992586021,0.944060876286,1.54820049879,1.24820049879,1.84820049879,1.45436884364,0.353582499391,1,0.497554139923,0.497554139923,0.20849850446,64,1,8,0,2.961
8,8-QAM,raw_label_srm,0.145,0.455530934771,0.2,0.25,0.954992586021,0.944060876286,1.54820049879,1.24820049879,1.84820049879,1.4478515418,0.353450613645,1,0.500734218923,0.500734218923,0.201787347671,64,1,8,0,2.957
8,8-QAM,raw_label_srm,0.15,0.471238898038,0.2,0.25,0.954992586021,0.944060876286,1.54820049879,1.24820049879,1.84820049879,1.44117403861,0.353362007995,1,0.504012589255,0.504012589255,0.194951373509,64,1,9,0,3.272
8,8-QAM,raw_label_srm,0.155,0.486946861306,0.2,0.25,0.954992586021,0.944060876286,1.54820049879,1.24820049879,1.84820049879,1.43436627358,0.353319565062,1,0.507377507327,0.507377507327,0.188030887644,64,1,10,0,3.672
8,8-QAM,raw_label_srm,0.16,0.502654824574,0.2,0.25,0.954992586021,0.944060876286,1.54820049879,1.24820049879,1.84820049879,1.42747364784,0.353325756036,1,0.510810534937,0.510810534937,0.181083719577,64,1,9,0,3.318
8,8-QAM,raw_label_srm,0.165,0.518362787842,0.2,0.25,0.954992586021,0.944060876286,1.54820049879,1.24820049879,1.84820049879,1.42055210181,0.353382567951,1,0.514288480745,0.514288480745,0.174179656295,64,1,8,0,3.062
8,8-QAM,raw_label_srm,0.17,0.53407075111,0.2,0.25,0.954992586021,0.944060876286,1.54820049879,1.24820049879,1.84820049879,1.41365196213,0.353491447646,1,0.517790141831,0.517790141831,0.167382487527,64,1,8,0,2.950
8,8-QAM,raw_label_srm,0.175,0.549778714378,0.2,0.25,0.954992586021,0.944060876286,1.54820049879,1.24820049879,1.84820049879,1.40688572482,0.353653285996,1,0.521267604925,0.521267604925,0.160822223997,64,1,8,0,3.012
8,8-QAM,raw_label_srm,0.18,0.565486677646,0.2,0.25,0.954992586021,0.944060876286,1.54820049879,1.24820049879,1.84820049879,1.40020813234,0.353868455191,1,0.524739402511,0.524739402511,0.154457846764,64,1,8,0,2.886
8,8-QAM,raw_label_srm,0.185,0.581194640914,0.2,0.25,0.954992586021,0.944060876286,1.54820049879,1.24820049879,1.84820049879,1.39372452696,0.354136841541,1,0.528160008364,0.528160008364,0.148408479559,64,1,8,0,2.975
8,8-QAM,raw_label_srm,0.19,0.596902604182,0.2,0.25,0.954992586021,0.944060876286,1.54820049879,1.24820049879,1.84820049879,1.38750066385,0.35445782634,1,0.531500250358,0.531500250358,0.142747920834,64,1,8,0,3.105
8,8-QAM,raw_label_srm,0.195,0.61261056745,0.2,0.25,0.954992586021,0.944060876286,1.54820049879,1.24820049879,1.84820049879,1.38159737304,0.354830322206,1,0.53473273895,0.53473273895,0.137541551218,64,1,8,0,3.062
8,8-QAM,raw_label_srm,0.2,0.628318530718,0.2,0.25,0.954992586021,0.944060876286,1.54820049879,1.24820049879,1.84820049879,1.37606437259,0.355252860215,1,0.537834614656,0.537834614656,0.132839708139,64,1,9,0,3.325
8,8-QAM,raw_label_srm,0.205,0.644026493986,0.2,0.25,0.954992586021,0.944060876286,1.54820049879,1.24820049879,1.84820049879,1.37088792351,0.355723692617,0.999999999999,0.540810296604,0.540810296604,0.128623568944,64,1,8,0,3.013
8,8-QAM,raw_label_srm,0.21,0.659734457254,0.2,0.25,0.954992586021,0.944060876286,1.54820049879,1.24820049879,1.84820049879,1.36619319525,0.356240892102,1,0.543604156828,0.543604156828,0.125016815273,64,1,8,0,3.058
8,8-QAM,raw_label_srm,0.215,0.675442420522,0.2,0.25,0.954992586021,0.944060876286,1.54820049879,1.24820049879,1.84820049879,1.36194243203,0.356802441319,0.999999999999,0.546230951862,0.546230951862,0.120922375749,64,1,8,0,2.996
8,8-QAM,raw_label_srm,0.22,0.69115038379,0.2,0.25,0.954992586021,0.944060876286,1.54820049879,1.24820049879,1.84820049879,1.35813286044,0.357406306419,1,0.548690511109,0.548690511108,0.117242462713,64,1,8,0,2.845
8,8-QAM,raw_label_srm,0.225,0.706858347058,0.2,0.25,0.954992586021,0.944060876286,1.54820049879,1.24820049879,1.84820049879,1.35476741055,0.358050492174,0.999999999999,0.550980333426,0.550980333426,0.114117812529,64,1,8,0,2.932
8,8-QAM,raw_label_srm,0.23,0.722566310326,0.2,0.25,0.954992586021,0.944060876286,1.54820049879,1.24820049879,1.84820049879,1.35183396753,0.35873308029,0.999999999999,0.553104624899,0.553104624899,0.111531171122,64,1,8,0,3.014
8,8-QAM,raw_label_srm,0.235,0.738274273594,0.2,0.25,0.954992586021,0.944060876286,1.54820049879,1.24820049879,1.84820049879,1.34931554807,0.359452253817,1,0.555069894009,0.555069894009,0.109459447782,64,1,8,0,3.058
8,8-QAM,raw_label_srm,0.24,0.753982236862,0.2,0.25,0.954992586021,0.944060876286,1.54820049879,1.24820049879,1.84820049879,1.34719267184,0.360206309789,0.999999999999,0.556883912486,0.556883912486,0.107876836558,64,1,8,0,3.049
8,8-QAM,raw_label_srm,0.245,0.769690200129,0.2,0.25,0.954992586021,0.944060876286,1.54820049879,1.24820049879,1.84820049879,1.34544449325,0.360993661389,1,0.558555207353,0.558555207352,0.106756368126,64,1,8,0,2.997
8,8-QAM,raw_label_srm,0.25,0.785398163397,0.2,0.25,0.954992586021,0.944060876286,1.54820049879,1.24820049879,1.84820049879,1.34404960138,0.361812837339,1,0.560092693853,0.560092693853,0.106070980796,64,1,8,0,3.057
8,8-QAM,raw_label_srm,0.255,0.801106126665,0.2,0.25,0.954992586021,0.944060876286,1.54820049879,1.24820049879,1.84820049879,1.34298697188,0.36266247759,1,0.561505239877,0.561505239877,0.105794691324,64,1,8,0,2.969
8,8-QAM,raw_label_srm,0.26,0.816814089933,0.2,0.25,0.954992586021,0.944060876286,1.54820049879,1.24820049879,1.84820049879,1.34223667916,0.3635413253,0.999999999999,0.562801335114,0.562801335114,0.105903427722,64,1,8,0,2.989
8,8-QAM,raw_label_srm,0.265,0.832522053201,0.2,0.25,0.954992586021,0.944060876286,1.54820049879,1.24820049879,1.84820049879,1.34177985546,0.364448218078,0.999999999997,0.563989091712,0.56398909171,0.106374941172,64,1,8,0,3.014
8,8-QAM,raw_label_srm,0.27,0.848230016469,0.2,0.25,0.954992586021,0.944060876286,1.54820049879,1.24820049879,1.84820049879,1.34159887953,0.365382080916,0.999999999997,0.565076146307,0.565076146305,0.107188967504,64,1,8,0,2.900
8,8-QAM,raw_label_srm,0.275,0.863937979737,0.2,0.25,0.954992586021,0.944060876286,1.54820049879,1.24820049879,1.84820049879,1.34167739944,0.366341917786,0.999999999998,0.566069636787,0.566069636786,0.108327183168,64,1,8,0,2.743
8,8-QAM,raw_label_srm,0.28,0.879645943005,0.2,0.25,0.954992586021,0.944060876286,1.54820049879,1.24820049879,1.84820049879,1.34200017746,0.36732680483,0.999999999999,0.56697625904,0.566976259039,0.109772946585,64,1,8,0,2.762
8,8-QAM,raw_label_srm,0.285,0.895353906273,0.2,0.25,0.954992586021,0.944060876286,1.54820049879,1.24820049879,1.84820049879,1.34255313371,0.368335884168,0.999999999999,0.567802238182,0.567802238181,0.111511274728,64,1,8,0,2.686
8,8-QAM,raw_label_srm,0.29,0.911061869541,0.2,0.25,0.954992586021,0.944060876286,1.54820049879,1.24820049879,1.84820049879,1.34332320543,0.369368358297,0.999999999998,0.568553382159,0.568553382158,0.113528604016,64,1,8,0,2.676
8,8-QAM,raw_label_srm,0.295,0.926769832809,0.2,0.25,0.954992586021,0.944060876286,1.54820049879,1.24820049879,1.84820049879,1.34429822181,0.370423485196,0.999999999995,0.569235129726,0.569235129723,0.115812572226,64,1,8,0,2.632
8,8-QAM,raw_label_srm,0.3,0.942477796077,0.2,0.25,0.954992586021,0.944060876286,1.54820049879,1.24820049879,1.84820049879,1.34546689424,0.371500573888,0.999999999996,0.569852548875,0.569852548873,0.11835194293,64,1,8,0,1.404
